,x1,x2,x3,y,yn1,yn2,yn3
0,-76.0,-794.0,902.0,5677.4,5682.7292917886625,5611.683051751821,5616.198451606527
1,-7.0,413.0,-1025.0,-9023.7,-9013.446118534419,-9009.834422692726,-8974.550167622645
2,-49.0,-71.0,-696.0,-7669.1,-7667.750574379431,-7788.37170039304,-7712.891884058362
3,-48.0,-719.0,-1452.0,-16814.1,-16810.679934581436,-16872.17664834343,-16988.258127096295
4,111.0,208.0,2673.0,28244.4,28240.64423431407,28236.871412186443,28168.61946768227
5,-75.0,661.0,749.0,8119.900000000001,8137.066107907315,8135.673932758288,8096.268108382239
6,-98.0,-760.0,1231.0,8698.600000000002,8721.220308756945,8616.233736263215,8798.325362910176
7,-43.0,804.0,1828.0,19509.0,19510.890772589286,19576.16845980706,19530.189802161665
8,51.0,23.0,1064.0,11172.7,11167.842119719333,11173.690814296728,11149.706404988345
9,-130.0,-1101.0,-900.0,-13534.7,-13517.802582298145,-13530.68655303025,-13521.594399052867
10,-62.0,1333.0,-607.0,-3180.3,-3200.8214852590363,-3142.1534987266627,-3092.9067758530423
11,-100.0,714.0,557.0,6046.400000000001,6038.98691131291,6086.752174135794,6092.3926280329515
12,-205.0,-652.0,-2290.0,-26949.4,-26946.061527565063,-26953.680041627977,-26937.88009565025
13,-109.0,-671.0,1175.0,8242.7,8240.09640221439,8171.509572093187,8338.00480790859
14,-97.0,-255.0,-1087.0,-12640.9,-12643.179921154153,-12618.62870619151,-12436.580378145149
15,189.0,-339.0,534.0,6850.5,6848.308304551908,6844.368347631628,6795.386563356847
16,30.0,-15.0,-348.0,-3048.9,-3029.2952315553384,-3002.289829076103,-2947.8895299102282
17,53.0,471.0,-411.0,-2045.9,-2040.1126532691364,-2121.1987592083888,-2078.2199688043106
18,193.0,-320.0,-778.0,-5902.200000000001,-5908.687741911046,-5858.629159499888,-6054.192712535794
19,-2.0,-218.0,899.0,8194.800000000001,8200.022306267821,8163.579894455184,8235.610047887003
20,39.0,-193.0,499.0,4891.700000000001,4888.592341318578,4775.902309243415,4735.842343210029
21,85.0,-512.0,-699.0,-7093.6,-7088.443098583164,-7172.407113382006,-7238.629287456114
22,-102.0,-336.0,75.0,-1539.0,-1539.6205880194657,-1501.6588130850832,-1390.084119261175
23,158.0,642.0,-1610.0,-11927.400000000001,-11920.31567699726,-11900.293981126344,-12078.13909800301
24,-69.0,25.0,295.0,2033.9,2042.182951470032,1966.8415813042143,2047.3686487026466
25,87.0,182.0,726.0,8772.0,8760.740033916481,8757.202704388232,8826.200529928205
26,-9.0,337.0,-679.0,-5864.900000000001,-5853.627556754857,-5879.9788523365505,-5845.782318034811
27,-73.0,-127.0,215.0,785.8999999999999,807.8311885086306,845.4895593257636,799.2078002163589
28,67.0,35.0,1401.0,14722.1,14715.944894109842,14704.220583368762,14589.104788338529
29,-29.0,719.0,1091.0,12244.500000000002,12236.20334042892,12281.819110973947,12398.426383090113
30,-38.0,113.0,839.0,8018.1,8047.340103166412,7960.3980878326,8021.179336418741
31,-97.0,-202.0,927.0,7239.400000000001,7234.165456858928,7224.807910427359,7225.060089949078
32,-136.0,-263.0,-1474.0,-16977.7,-16979.182018485557,-16999.17083533517,-17181.3577460581
33,-209.0,-43.0,1136.0,8216.100000000002,8219.341441893863,8194.638760051956,8111.9145259117495
34,36.0,-898.0,1585.0,13590.800000000001,13585.6412589453,13698.315249059215,13599.135640333812
35,-103.0,864.0,-264.0,-1634.6000000000001,-1638.916246224543,-1680.033823338058,-1543.2651445684448
36,204.0,-133.0,212.0,4452.1,4443.407894421662,4566.554380760218,4378.085228597669
37,61.0,1087.0,188.0,5594.700000000001,5581.752018619785,5668.025763498162,5514.174008165973
38,76.0,-143.0,817.0,8638.9,8628.717864409775,8607.170678065826,8732.249411357112
39,87.0,-146.0,670.0,7337.6,7313.984263999883,7333.890473907784,7411.0793214151545
40,6.0,-412.0,-1319.0,-13958.2,-13966.39285507382,-13958.533248522652,-13907.730567947947
41,-49.0,5.0,1217.0,11283.5,11291.479626392684,11337.102849346486,11245.737080011579
42,67.0,-278.0,203.0,2136.6000000000004,2145.4254110543966,2178.1539820760313,1995.1528141502333
43,86.0,-232.0,-165.0,-1091.0000000000002,-1088.3758020728294,-1068.8803278264002,-1031.3940323862403
44,-171.0,-327.0,168.0,-1527.9,-1535.9645171435486,-1649.4068353774867,-1379.1365198526692
45,-71.0,-76.0,777.0,6458.0,6447.21721071765,6488.086732134863,6561.353476671222
46,85.0,981.0,206.0,5806.5,5805.062936577105,5816.145120093557,5762.980098433924
47,98.0,152.0,355.0,5202.6,5201.579236744328,5152.5406056196525,5318.155476124923
48,46.0,220.0,1234.0,13303.6,13318.044554529572,13313.160432727485,13306.609555908319
49,182.0,-198.0,-443.0,-2437.2000000000003,-2445.64375201413,-2441.9969194291707,-2378.5837707447026
50,90.0,350.0,684.0,8854.2,8855.966191959305,8845.273858990668,8961.801988704003
51,36.0,356.0,-766.0,-6063.2,-6069.190903523443,-6070.5352550599455,-5969.848383184505
52,13.0,325.0,1065.0,11488.7,11466.111430892246,11540.925665973036,11580.629457421737
53,143.0,-965.0,494.0,4151.900000000001,4155.9926086116775,4107.104593740325,4091.3920967895924
54,95.0,270.0,-66.0,1355.1999999999998,1344.7267417250748,1408.8745226661063,1403.2018514217837
55,127.0,-905.0,567.0,4814.900000000001,4821.403069066548,4725.302481785406,5066.045217687828
56,-122.0,-786.0,-544.0,-9088.2,-9077.550322399311,-9135.037502939555,-8959.224297481533
57,-78.0,-189.0,578.0,4108.900000000001,4105.283314236115,4092.3843355390827,4032.0533621508152
58,-80.0,-426.0,-967.0,-11698.8,-11696.054589051211,-11617.504148356515,-11623.57958344634
59,59.0,-454.0,2002.0,19184.4,19191.01728230956,19162.00621714044,19067.028874323674
60,288.0,1111.0,154.0,8368.1,8362.178891507388,8422.474097253595,8208.993956628345
61,88.0,598.0,-1674.0,-13611.400000000001,-13610.607970741898,-13582.083615894991,-13704.300803035409
62,130.0,-222.0,-2289.0,-21289.600000000002,-21286.958497412747,-21213.776162399587,-21151.258542118583
63,218.0,355.0,1714.0,20676.9,20670.033290156287,20723.3727398701,20550.225738783916
64,-156.0,644.0,-217.0,-2478.2000000000003,-2471.310645257739,-2548.1880633990527,-2375.730801412221
65,47.0,1030.0,-197.0,1480.2,1482.5563313256125,1479.0445908549245,1532.1018608495292
66,-11.0,237.0,464.0,5039.700000000001,5035.502980342372,5172.660680237221,4957.58418600678
67,-64.0,-426.0,1041.0,8194.0,8199.501508127772,8273.165872046258,8091.029961423605
68,222.0,846.0,127.0,6503.6,6506.887095345753,6457.079194649539,6563.5742629785855
69,83.0,872.0,-20.0,3270.6000000000004,3257.6986968677984,3246.169389499161,3178.683943826694
70,-53.0,250.0,1522.0,14880.4,14874.019122914357,14819.54252258272,14724.279611690266
71,-62.0,920.0,913.0,10600.600000000002,10599.101967930836,10596.250550227474,10404.529154681579
72,-43.0,794.0,-284.0,-1215.6000000000001,-1212.9419718571428,-1170.9108206241137,-1195.047586747413
73,-16.0,-56.0,-668.0,-6912.000000000001,-6904.699492784653,-6847.559979356363,-6917.928679997633
74,13.0,-439.0,7.0,-942.5000000000001,-952.4021755989047,-965.0085118896743,-1056.2609702131147
75,-172.0,-910.0,1273.0,7713.600000000001,7737.02584180526,7700.78893736846,7739.586429781513
76,-54.0,647.0,-779.0,-6610.900000000001,-6594.075362880113,-6619.860305052748,-6745.790707711878
77,96.0,173.0,276.0,4458.3,4447.4086421284155,4409.053933135339,4343.121192683006
78,-105.0,-558.0,-2139.0,-23875.800000000003,-23869.77692217481,-23921.12851637071,-24050.23545302268
79,43.0,-248.0,912.0,8844.2,8842.858184202618,8890.200959075526,8953.351135633668
80,-44.0,-223.0,-81.0,-1985.5,-1970.5387758625507,-2021.7560092984816,-2005.5450203335033
81,-137.0,393.0,644.0,5536.500000000001,5531.784635957177,5531.598335622612,5431.841769082946
82,97.0,-149.0,1571.0,16293.300000000001,16298.242581608572,16348.494797282168,16221.307170370315
83,-146.0,-1047.0,234.0,-2490.1,-2501.8163688544564,-2420.969570051162,-2733.7277366390304
84,-40.0,198.0,-250.0,-2451.4,-2431.8328899285057,-2409.7955013556125,-2536.1152300238605
85,184.0,-1013.0,878.0,8334.900000000001,8328.681950259745,8374.888590283965,8424.489672373618
86,-174.0,-518.0,-324.0,-6905.4,-6900.344033500982,-6937.127930208803,-6968.183865678135
87,127.0,352.0,-498.0,-2228.2000000000007,-2237.795670948008,-2179.397738748039,-2118.243093611884
88,-0.0,-306.0,-2436.0,-24699.000000000004,-24700.693790557285,-24671.066813309124,-24655.913597377057
89,-84.0,-516.0,-1284.0,-15102.0,-15107.59565450908,-15056.761353692955,-15031.957279944387
90,50.0,300.0,1057.0,11838.6,11820.48994717379,11880.361039434258,11727.85580478954
91,-75.0,-528.0,-403.0,-6380.0,-6387.149532324048,-6356.44617593822,-6291.870714362272
92,-49.0,154.0,-334.0,-3514.0000000000005,-3526.062526737007,-3478.2339650893236,-3617.9920690585345
93,-48.0,-832.0,424.0,1265.6000000000004,1269.9218617810902,1272.9900905248303,1333.1723843514442
94,-75.0,-296.0,311.0,1243.6000000000001,1249.7180595927448,1186.8920153198487,1170.0255585222665
95,205.0,-808.0,220.0,2721.3999999999996,2726.0049147335376,2648.125958016579,2792.0569767688226
96,5.0,-613.0,-338.0,-4900.5,-4905.1093027645375,-4885.1655078943595,-4899.375100078797
97,-67.0,-633.0,739.0,4635.300000000001,4642.602026927067,4573.627426900813,4530.9870489210825
98,93.0,-165.0,-1004.0,-9038.5,-9028.239120570172,-8995.218007604795,-8847.343220827916
99,-24.0,-207.0,-835.0,-9063.500000000002,-9095.561232169452,-9113.769597974844,-9003.636539797666
100,-104.0,718.0,-1105.0,-10284.0,-10276.510364427853,-10222.086369788933,-10276.910850506412
101,-8.0,371.0,-1259.0,-11443.7,-11455.326869903001,-11448.843960835715,-11587.239274055082
102,-145.0,-633.0,1424.0,10303.1,10291.011440503955,10274.045978197404,10234.562370344862
103,-77.0,-704.0,2119.0,17833.6,17841.58490589902,17780.205835902845,17687.83382313299
104,-152.0,-103.0,-920.0,-11330.9,-11337.42094549472,-11283.300312297304,-11348.179799403915
105,126.0,785.0,-755.0,-3591.100000000001,-3596.278240248813,-3704.4379426214723,-3541.1017585397444
106,-61.0,1615.0,852.0,11892.7,11879.540427404658,11901.172410639583,11737.811993831676
107,-36.0,1186.0,-1383.0,-10833.600000000002,-10819.947048694694,-10775.246213687049,-10898.356446230417
108,18.0,-143.0,-1511.0,-14952.7,-14951.314578124351,-14923.988381917778,-14923.31290677354
109,-150.0,-839.0,805.0,3613.7000000000007,3609.1067611753856,3615.519276106787,3693.786147659128
110,89.0,596.0,364.0,6369.0,6380.440645692122,6299.881531439217,6474.789575105318
111,-68.0,-343.0,-956.0,-11206.100000000002,-11216.631680973187,-11138.73915077849,-11294.637316033526
112,3.0,684.0,657.0,8325.6,8335.210613666584,8290.337435922464,8215.469711218962
113,-119.0,-610.0,-1151.0,-14521.400000000001,-14525.325729263954,-14558.99294225247,-14609.00934782418
114,-45.0,-518.0,153.0,-502.20000000000005,-488.5047291227874,-455.6035869112994,-417.81031750404577
115,15.0,766.0,-2009.0,-17419.0,-17419.912451508044,-17389.937175152325,-17459.59317504637
116,-73.0,-1122.0,164.0,-2400.4000000000005,-2402.867908848813,-2395.732767387788,-2219.2588299841896
117,-145.0,382.0,-163.0,-2509.0,-2518.617241651263,-2534.080838211959,-2480.8983458379307
118,44.0,932.0,1314.0,15983.2,15973.916509108769,15976.758931156603,15937.316386026881
119,-103.0,-437.0,1257.0,9758.5,9766.413372746625,9814.215261253781,9784.997743685099
120,-37.0,-1162.0,-64.0,-4260.400000000001,-4272.819345623649,-4308.618111934552,-4130.520068417091
121,54.0,-729.0,797.0,6565.9,6559.565731655248,6634.431796498506,6605.58951532585
122,-66.0,348.0,189.0,1907.4,1911.8455738035063,1908.671044841557,1921.6481007855205
123,67.0,-145.0,239.0,2848.5000000000005,2857.924925327614,2939.6955232893347,2960.6008764423723
124,-124.0,-337.0,347.0,829.1000000000004,820.2598187371183,806.0394930737045,935.8540321992249
125,-43.0,-257.0,-95.0,-2201.1000000000004,-2184.7641252857115,-2329.2721413925437,-2023.5239150222296
126,-5.0,-166.0,595.0,5315.8,5313.837200604257,5303.721829507134,5410.028107962529
127,125.0,190.0,-163.0,590.5999999999999,594.7754704701322,549.0683005881034,527.6668915548502
128,71.0,188.0,509.0,6447.200000000001,6446.837102168212,6433.882081003538,6317.69778083248
129,52.0,38.0,-560.0,-4688.6,-4677.465543619793,-4615.972310136763,-4714.049372716982
130,72.0,-71.0,-673.0,-5822.3,-5829.190464511308,-5857.992761887517,-5630.605843498042
131,-132.0,-376.0,1878.0,15620.400000000001,15607.252682315033,15743.033179610316,15726.27886265576
132,30.0,-231.0,527.0,4942.900000000001,4919.2877270463305,4916.754535594327,4938.842850137384
133,11.0,-177.0,1541.0,14771.300000000001,14761.834340943115,14732.277889415225,14706.082104974976
134,7.0,819.0,1066.0,12751.900000000001,12773.314763106038,12750.032516155861,12780.652623185193
135,-263.0,-591.0,-52.0,-5629.500000000001,-5627.136854378082,-5722.6305753315755,-5775.880768569751
136,137.0,-276.0,-1262.0,-11277.0,-11275.099931019196,-11175.832999746339,-11308.69103399055
137,110.0,320.0,-132.0,1044.3999999999999,1055.971784815457,1049.8661570896186,791.2816685292445
138,162.0,899.0,-2221.0,-17167.700000000004,-17156.76846147437,-17216.557516773595,-17220.74798924986
139,27.0,-1049.0,1726.0,14444.300000000003,14433.02340108641,14469.81501825703,14485.433723113862
140,-58.0,291.0,457.0,4487.1,4479.093753501437,4430.173527297587,4441.683349604794
141,43.0,187.0,1585.0,16614.100000000002,16616.227329687328,16598.263879260354,16634.50518827021
142,153.0,158.0,-565.0,-3060.2,-3048.5598428975923,-3110.243537755694,-3210.5715435172483
143,58.0,32.0,-415.0,-3203.4000000000005,-3205.6996832711993,-3150.099060435337,-3202.778281422783
144,-64.0,442.0,428.0,4530.200000000001,4539.976852504131,4524.097557772354,4701.79558604502
145,-239.0,252.0,-284.0,-5305.4,-5293.106753520082,-5251.489674680168,-5200.392335082041
146,-89.0,-565.0,1181.0,8855.7,8845.557033651126,8834.218588691456,8819.494657455156
147,-8.0,381.0,433.0,5164.900000000001,5165.0101767533,5163.367880287975,5214.604224895917
148,-81.0,-131.0,430.0,2774.8999999999996,2765.0817948479785,2784.6166965292186,2667.317984337974
149,95.0,514.0,-200.0,700.8,695.2452262143436,659.4849664600384,549.7419519105314
150,14.0,28.0,-1468.0,-14123.2,-14125.006550624374,-14118.251290527021,-14205.246895595972
151,70.0,639.0,-137.0,1320.7,1323.6730896486727,1170.145401812067,1601.018897407817
152,101.0,89.0,806.0,9492.5,9500.316571670173,9517.122758585145,9584.476591292518
153,22.0,-146.0,87.0,753.2,744.0870969001427,818.7134691692758,696.0317385314171
154,48.0,393.0,148.0,3154.7000000000003,3138.1656130171095,3176.9638036364154,3270.524476029277
155,-63.0,-937.0,1900.0,15245.9,15219.761356835077,15255.925707510025,15136.142818055243
156,-33.0,43.0,-650.0,-6696.100000000001,-6689.721510705366,-6708.167532859171,-6716.697196518089
157,45.0,532.0,516.0,7096.200000000001,7097.973255279161,7092.3104897621115,7209.236549778842
158,162.0,381.0,962.0,12627.1,12631.773279919767,12618.49603450463,12622.559927959346
159,44.0,-359.0,-1408.0,-14178.100000000002,-14175.94898911022,-14089.088141032771,-14141.599506008615
160,-107.0,474.0,56.0,394.8000000000003,384.1943811850868,438.4763918469031,501.29865122756377
161,-71.0,-97.0,2696.0,25207.500000000004,25200.54179801057,25204.116002968083,25304.949963762425
162,-114.0,591.0,-1024.0,-9967.1,-9967.96339450019,-9924.687625475519,-9853.17001443398
163,176.0,346.0,-964.0,-6154.6,-6152.819900270311,-6233.497982021998,-6009.953436625384
164,-118.0,-218.0,-850.0,-10499.8,-10509.075549471585,-10532.916999035913,-10452.969273089035
165,83.0,-631.0,608.0,5366.900000000001,5364.82776409688,5416.977782754425,5331.1014815430035
166,146.0,-184.0,-744.0,-5831.6,-5817.462861399346,-5876.205254329596,-5864.451292857019
167,48.0,-71.0,-263.0,-2125.9,-2128.4724874249396,-2142.0357457364044,-2181.9185213710007
168,-142.0,-229.0,-187.0,-4353.7,-4353.3461966095265,-4347.9193003255405,-4281.7013830879705
169,172.0,120.0,925.0,11693.8,11689.701141479643,11666.790056701244,11761.34933791919
170,114.0,-273.0,1100.0,11570.5,11560.845836221113,11581.027819197345,11460.180237195553
171,69.0,301.0,315.0,4824.3,4816.00385280391,4732.941455804473,4598.674736762062
172,-30.0,-647.0,-579.0,-7823.1,-7813.934906430728,-7907.116513468825,-7747.66893153703
173,108.0,-26.0,-1286.0,-11225.800000000001,-11224.920297865394,-11221.71120613108,-11156.827295107485
174,3.0,198.0,1476.0,15039.6,15044.209618020835,15006.489278000143,14916.540861214773
175,90.0,-259.0,-84.0,-316.5000000000001,-311.4451953227816,-368.45827121998786,-288.16655662133576
176,-274.0,603.0,1097.0,8707.1,8703.10911635242,8810.853091406345,8777.155929772634
177,47.0,186.0,334.0,4405.200000000001,4413.114148891731,4476.318569065521,4268.658046238738
178,-148.0,-38.0,1798.0,15534.600000000002,15529.184669036857,15526.900471943247,15432.25003469299
179,60.0,-365.0,2182.0,21202.100000000002,21218.48210969087,21145.60395488542,21364.730772801653
180,-124.0,212.0,500.0,3810.8,3817.2105460940215,3908.129505834546,3888.8522914029845
181,-148.0,-590.0,763.0,3901.2000000000007,3900.6517426688415,3792.322964795015,3997.3219101193536
182,-238.0,369.0,318.0,923.5,922.2925633417575,1006.2392019680739,902.6352923111456
183,-76.0,-972.0,-1703.0,-20332.2,-20345.002045492474,-20362.79133256512,-20353.86122152515
184,-10.0,-595.0,-1671.0,-18116.300000000003,-18113.7157903317,-18084.18842419121,-18081.556143876318
185,49.0,-155.0,2299.0,22768.3,22754.96158248039,22740.09345527773,22686.849913803366
186,25.0,146.0,-464.0,-3818.000000000001,-3827.8088675193544,-3761.380070322414,-3727.3706221237503
187,-108.0,-297.0,835.0,5933.900000000001,5929.2459999402945,5986.229853983542,5908.785916468436
188,58.0,-1472.0,758.0,4231.200000000001,4224.965370466649,4204.8362657150265,4157.114161742682
189,53.0,48.0,299.0,3770.0000000000005,3767.995598720241,3764.300483584597,3844.3206094964826
190,115.0,-651.0,1048.0,10053.7,10048.3853999168,10001.420002325625,10034.575499159682
191,14.0,407.0,-944.0,-7964.700000000001,-7961.04841779748,-7939.458655661794,-8006.930214591406
192,38.0,-764.0,-763.0,-9031.0,-9025.404962420838,-9117.571031797908,-8961.438892675698
193,111.0,-564.0,121.0,1150.4,1143.0716852851453,1087.5907770707736,1108.353304136253
194,-72.0,887.0,-348.0,-1980.3000000000002,-1971.4383355268658,-1887.502930599782,-2002.3323623586523
195,-116.0,262.0,-38.0,-1219.4,-1202.6982481309008,-1270.7616749694594,-1444.4923153856735
196,101.0,-276.0,-742.0,-6663.400000000001,-6640.626586431446,-6749.970748540512,-6671.104620258905
197,-30.0,-724.0,1315.0,10530.2,10507.850945608907,10486.064389177162,10529.943288388962
198,100.0,-73.0,-11.0,1035.1000000000001,1023.2188390770746,1078.7714148175678,1030.6572700085255
199,161.0,442.0,277.0,6065.400000000001,6074.342269111809,6138.790049220799,6027.831803245561
200,-17.0,-369.0,-1254.0,-13513.300000000001,-13516.33181343549,-13596.033733535898,-13562.977345200012
201,-252.0,1395.0,-382.0,-3353.9,-3352.0770348165706,-3412.98893628621,-3302.3426271671915
202,-65.0,-112.0,-311.0,-4221.200000000001,-4210.263999201589,-4150.330947238416,-4244.698359487438
203,31.0,-194.0,-2102.0,-20708.000000000004,-20725.073451528122,-20619.26282615451,-20904.48626007998
204,14.0,164.0,669.0,7186.6,7177.996591691825,7234.215721677702,7158.312960631774
205,-44.0,409.0,391.0,4346.5,4334.056626685541,4310.219311314687,4656.530354404085
206,-97.0,-40.0,2056.0,18741.000000000004,18733.719656583595,18830.85280715714,18596.03468809182
207,60.0,97.0,1486.0,15628.7,15632.526752152535,15663.086345889562,15788.586631376556
208,29.0,-546.0,737.0,6137.0,6135.7795972384165,6194.59875999999,6017.29376811895
209,-93.0,-592.0,950.0,6465.4,6468.751643802907,6476.67499330775,6421.6082916609585
210,4.0,-285.0,367.0,2880.7000000000003,2886.416249404398,2914.208843671076,2894.783562158225
211,48.0,223.0,1314.0,14122.5,14122.018755226783,14048.62982971123,14038.021478465405
212,156.0,44.0,1123.0,13214.600000000002,13220.23173294168,13160.87441365648,13311.429181228188
213,57.0,325.0,-867.0,-6855.3,-6853.083864348746,-6901.8803902250975,-6853.513823283554
214,-98.0,699.0,-462.0,-3953.5,-3932.8895865932077,-3893.3362480719097,-3957.929648885418
215,-67.0,-230.0,381.0,2215.0,2205.1945628555554,2121.1733066747724,2223.1577461029055
216,1.0,-552.0,-389.0,-5289.200000000001,-5271.635409175436,-5338.632647806262,-5411.208485124745
217,-141.0,-535.0,354.0,135.30000000000018,131.74780840174452,117.69003340671824,23.15722732124668
218,-69.0,-190.0,588.0,4324.800000000001,4339.55070917706,4387.253038116075,4445.892613752988
219,-40.0,86.0,-514.0,-5341.000000000001,-5345.357521218237,-5348.0464192005165,-5344.180378142061
220,-64.0,-201.0,-350.0,-4830.300000000001,-4834.953393360265,-4730.7031621271635,-4732.954040747748
221,-6.0,853.0,1859.0,20440.9,20439.88380317047,20466.312525312016,20604.250821329846
222,6.0,-715.0,-1528.0,-16824.5,-16810.870031211656,-16828.435429069592,-16951.18348901806
223,-64.0,8.0,927.0,8248.6,8261.175948585333,8194.293923250161,8222.212564781901
224,-59.0,-408.0,-1789.0,-19424.4,-19416.15363390188,-19425.581800891807,-19499.098232356828
225,-22.0,34.0,-1022.0,-10218.6,-10206.921937660762,-10303.966733521122,-10104.583220420649
226,62.0,769.0,1850.0,21037.1,21057.834626661075,21054.513993623958,21069.444448764432
227,-15.0,148.0,-26.0,-56.19999999999999,-67.33764476896134,-25.910511314363095,-56.205480419620905
228,73.0,402.0,1506.0,16822.4,16826.65221395848,16813.624667322336,16796.973351608653
229,188.0,-207.0,69.0,2636.5,2640.0785682482015,2684.0858417960917,2707.1617009283186
230,-68.0,-263.0,-45.0,-2062.3,-2045.8735489251753,-2027.8663533868594,-2124.515686365856
231,-116.0,964.0,-800.0,-6791.6,-6787.893386137279,-6805.463229939829,-6789.6204561491495
232,-63.0,83.0,83.0,193.30000000000007,196.6084752337273,203.326740600444,282.1601810499423
233,114.0,-331.0,274.0,3319.1000000000004,3320.888922466606,3293.2051852743875,3283.777383881582
234,79.0,132.0,-361.0,-2122.8,-2136.604072554788,-2102.0058709132627,-2233.48277430679
235,-150.0,189.0,619.0,4566.500000000001,4562.04822971896,4528.145919862026,4577.786527912683
236,53.0,-392.0,-2202.0,-21927.800000000003,-21925.450380009835,-21869.754570313722,-21955.665761774937
237,-113.0,315.0,1378.0,12840.7,12871.576656373172,12893.120891803417,12866.217969310057
238,12.0,168.0,-901.0,-8215.400000000001,-8216.051176528905,-8173.450982112368,-8252.569219962423
239,-44.0,-1542.0,-844.0,-13024.2,-13035.099760021407,-13040.465964417977,-12837.461362504295
240,-177.0,-117.0,-759.0,-10125.900000000001,-10114.876281745283,-10184.586222350015,-10115.878688953046
241,32.0,1004.0,-111.0,2051.8,2046.6457157327159,2065.5958330452395,1995.2044517869117
242,200.0,79.0,-909.0,-6014.900000000001,-6015.587969485314,-6053.20650921093,-6067.740021147443
243,-154.0,-58.0,-892.0,-10961.8,-10960.65812161647,-11063.175916712153,-10773.916368206947
244,-73.0,-629.0,-599.0,-8546.7,-8545.463590536845,-8556.524258958023,-8503.497056919
245,-105.0,1339.0,842.0,10459.900000000001,10453.70175282933,10404.013395032509,10545.594388649612
246,-3.0,-1157.0,-731.0,-10327.9,-10332.59113595706,-10322.223260692379,-10278.72411078091
247,-1.0,-716.0,488.0,2835.8,2841.236533308959,2791.4524047017003,2844.306852443475
248,115.0,192.0,-1190.0,-9602.6,-9588.612371080275,-9496.729484127718,-9767.0581193988
249,65.0,428.0,75.0,2761.6000000000004,2753.889335468576,2777.2915142837946,2684.494740515946
250,-96.0,71.0,952.0,8234.9,8238.345201278895,8195.993455595832,8264.847719269548
251,-48.0,-189.0,675.0,5461.500000000001,5469.17219520917,5458.168240161462,5234.34303381897
252,70.0,-178.0,621.0,6543.2,6558.79579545316,6569.50092130858,6524.504641879295
253,-44.0,-523.0,-315.0,-5088.700000000001,-5084.121383758375,-4969.352412264583,-4999.9489382771135
254,-10.0,402.0,480.0,5655.4,5662.194920358861,5628.314000286648,5640.9634853190055
255,-3.0,31.0,-422.0,-4092.1000000000004,-4097.048590667646,-4153.554890567307,-4049.0160426355933
256,-46.0,815.0,-50.0,1094.1,1083.1611032035428,1117.3666858083586,1147.5866343475968
257,82.0,1557.0,1019.0,15288.900000000001,15290.514523140831,15211.493312932742,15279.727265291278
258,46.0,-668.0,-421.0,-5313.0,-5297.455179243703,-5352.482038975178,-5460.47673893579
259,-11.0,809.0,-1386.0,-11545.900000000001,-11531.41752327735,-11581.029921855306,-11679.477095997181
260,68.0,35.0,-167.0,-630.9000000000001,-621.2289765348078,-583.0002200592055,-621.7400076721905
261,-12.0,-408.0,-93.0,-2173.8,-2169.2613680641757,-2135.3381694536065,-2284.3254523550304
262,-95.0,-1081.0,-32.0,-4505.300000000001,-4520.87475023273,-4426.09060213315,-4535.677089206005
263,5.0,810.0,-528.0,-2920.4000000000005,-2914.566171079016,-2895.336887514046,-3053.3611071126966
264,93.0,-363.0,323.0,3431.5,3430.997778813932,3435.2957571436996,3470.3184600100494
265,-21.0,-148.0,-467.0,-5257.6,-5252.297157213915,-5285.014243731512,-5288.276387124861
266,-155.0,-496.0,-1314.0,-16293.400000000001,-16292.671042913658,-16306.01229590173,-16412.23964030996
267,102.0,-664.0,1329.0,12598.2,12598.813444301351,12593.369768129602,12535.432174888665
268,83.0,507.0,-2709.0,-24067.1,-24082.89889179305,-24091.025203243084,-24017.642534118713
269,16.0,567.0,635.0,7968.3,7965.006484876499,7935.952756065648,7982.704947319996
270,178.0,-67.0,688.0,8946.7,8950.257465241699,8928.673738263664,8967.457707206884
271,-20.0,494.0,998.0,10846.2,10864.948023802162,10884.625739858686,10889.845447163385
272,24.0,-244.0,-1257.0,-12655.800000000001,-12670.016367653483,-12629.858792655905,-12659.500661727147
273,27.0,-1195.0,-500.0,-7764.7,-7767.246159394697,-7751.484876185734,-7702.982523299398
274,93.0,414.0,-922.0,-6671.6,-6661.9049921823935,-6799.78628255223,-6690.423708570286
275,26.0,343.0,-904.0,-7584.700000000001,-7585.82216831454,-7526.244042380981,-7658.50309152424
276,-76.0,-884.0,510.0,1592.7999999999997,1590.0192574033747,1512.2082768944124,1501.601136818753
277,-90.0,589.0,839.0,8606.5,8587.878350757588,8549.494350030249,8582.520604189087
278,160.0,-914.0,1506.0,14435.0,14424.251624800578,14479.322492318472,14515.50724702537
279,181.0,250.0,-309.0,72.19999999999982,65.99432518669302,73.24198121323963,233.4727451919876
280,-238.0,-197.0,-1223.0,-15706.500000000002,-15720.22091196357,-15681.562139234808,-15585.232590591944
281,36.0,-1.0,1390.0,14101.700000000003,14089.122917417506,14160.987508539683,14170.399943136616
282,-114.0,251.0,536.0,4402.9,4394.048675648794,4367.906281148112,4194.852910344419
283,17.0,261.0,905.0,9801.5,9798.732644879241,9709.75890086141,9787.22521601452
284,97.0,216.0,-848.0,-6427.4000000000015,-6420.721062621815,-6441.002879542909,-6491.0749535962295
285,77.0,642.0,-1064.0,-7662.000000000001,-7666.894309166461,-7669.196486639409,-7689.550688455392
286,7.0,-260.0,2019.0,19178.0,19192.71211643476,19178.394696403462,19065.4872192553
287,-2.0,42.0,-34.0,-246.60000000000002,-241.58480596967104,-238.34307805781637,-364.1270082512867
288,-22.0,337.0,-242.0,-1756.5000000000002,-1742.7171469205243,-1732.7559358611165,-1638.5395741201396
289,31.0,303.0,-1057.0,-9125.1,-9119.713868589275,-9156.942089361954,-9049.309055234666
290,-56.0,-570.0,609.0,3678.8000000000006,3674.045847346982,3587.344699431759,3730.2966126489982
291,-156.0,-106.0,-99.0,-3346.8,-3343.4684712798135,-3413.0746986581844,-3381.3671925817303
292,103.0,-262.0,-671.0,-5903.0,-5919.318770874865,-5903.430088752812,-5880.686853178834
293,-5.0,-391.0,-703.0,-8012.1,-7999.85625009388,-7903.050724986228,-8060.822582242928
294,46.0,-730.0,-564.0,-6881.800000000001,-6879.251457566375,-6891.836822029146,-6789.4860562236245
295,-92.0,-508.0,1014.0,7332.800000000001,7343.102462692951,7354.832183928958,7369.233462186761
296,-64.0,871.0,269.0,4130.300000000001,4135.715086557805,4143.006524586161,4058.5816194587437
297,-131.0,1110.0,1168.0,12688.000000000002,12681.914332516732,12708.872232001888,12923.996236046987
298,-52.0,-1.0,-963.0,-10136.900000000001,-10130.772971571969,-10065.608297567042,-10084.51450735971
299,3.0,-240.0,1596.0,15033.000000000002,15046.759629415867,14978.318048510077,15133.858481759058
300,-58.0,-124.0,-142.0,-2503.6000000000004,-2511.627411644174,-2504.254109578524,-2514.0713956515615
301,96.0,-249.0,-935.0,-8548.9,-8554.701156745752,-8524.58953599581,-8508.79122094252
302,7.0,276.0,-257.0,-1679.6000000000004,-1674.0708477924395,-1738.9424526977186,-1628.314853606952
303,101.0,946.0,-415.0,-159.4000000000001,-160.69795149213277,-111.55605267093071,-244.2874528817418
304,130.0,-350.0,871.0,9332.800000000001,9327.724249982872,9389.411531824167,9193.257422289458
305,113.0,-1847.0,-395.0,-7343.700000000001,-7346.874979528768,-7297.382737228205,-7330.658886601975
306,131.0,-201.0,-1818.0,-16603.7,-16629.108845539995,-16631.320218797777,-16625.498748090213
307,9.0,-827.0,631.0,4071.5,4063.4717096948275,4093.965876488428,4020.0860917648533
308,-18.0,390.0,943.0,10053.2,10058.8413324609,10072.011334200582,10052.8005170447
309,26.0,-170.0,254.0,2378.6000000000004,2371.8198673167303,2394.802595214369,2298.248772065713
310,43.0,-120.0,138.0,1604.6000000000001,1612.2178396503414,1599.078556480923,1659.6894478703402
311,5.0,897.0,-1443.0,-11652.500000000002,-11634.59857788332,-11616.017629023472,-11759.259338648877
312,45.0,-158.0,-1328.0,-12838.000000000002,-12844.803459612385,-12783.343351441465,-12791.10482254626
313,-111.0,-575.0,-958.0,-12428.300000000001,-12446.03691976529,-12548.683301017565,-12609.460260179258
314,-50.0,1400.0,1543.0,18231.4,18235.801042400923,18128.662797464945,18129.37608900799
315,-28.0,-164.0,1460.0,13490.000000000002,13493.749334848144,13534.77938492991,13541.948687479651
316,-64.0,-846.0,-372.0,-6787.400000000001,-6793.441827100004,-6739.560238262538,-6723.204843693006
317,-212.0,22.0,-1417.0,-16668.0,-16693.11891029996,-16670.137808977917,-16890.606740768297
318,197.0,-540.0,-718.0,-5854.6,-5864.365801434494,-5964.446136738554,-6006.243648769079
319,-99.0,-722.0,556.0,2172.8,2170.742191513644,2201.7740538794865,2248.087705793157
320,143.0,-657.0,-882.0,-8501.300000000001,-8490.409354435118,-8460.21144439332,-8379.930946713355
321,41.0,18.0,-268.0,-2028.4,-2014.0380343829177,-2131.696450885001,-1916.163738914212
322,-133.0,600.0,96.0,778.6,778.2165601050231,881.3031209505735,954.9419095331183
323,-193.0,125.0,-596.0,-8089.5,-8083.407607170047,-8097.9647270934665,-8020.971369854128
324,144.0,-119.0,243.0,3989.7000000000003,4005.657724880521,3975.51607589272,4063.7862428695507
325,32.0,-156.0,-886.0,-8675.2,-8677.502995242272,-8616.099947738947,-8537.707978307784
326,-64.0,425.0,-684.0,-6413.300000000001,-6417.319268222859,-6376.996637931394,-6471.794517099987
327,-94.0,-490.0,180.0,-818.6000000000001,-823.3845833015857,-757.511497526738,-736.0065681628553
328,67.0,-618.0,208.0,1267.6,1281.9631063419247,1266.0540803391298,1177.9535482581255
329,-110.0,-93.0,-608.0,-7683.5,-7690.117988586192,-7737.592339018145,-7805.964120349483
330,43.0,422.0,-1244.0,-10475.6,-10463.1325198968,-10640.737741817813,-10422.737512286336
331,134.0,347.0,-1303.0,-10036.900000000001,-10023.60896109551,-10059.08743417856,-10039.547713418826
332,-216.0,792.0,-527.0,-5920.6,-5921.554127991828,-5815.30687161362,-5984.461388433097
333,-83.0,-147.0,-586.0,-7251.900000000001,-7243.018561903763,-7212.58286557433,-7295.5111527079725
334,-10.0,725.0,1714.0,18620.7,18624.890179672762,18551.42529988663,18660.277511031905
335,108.0,71.0,373.0,5294.3,5288.768676687874,5248.73365049253,5289.70792266446
336,-111.0,-443.0,-410.0,-6701.5,-6724.025426555101,-6730.3524741719,-6840.073719186988
337,188.0,-1099.0,837.0,7754.5,7749.6543589687635,7821.296689284997,7679.317112395634
338,41.0,-927.0,1614.0,13863.7,13883.860067953545,13991.363269621734,13797.975868710248
339,-87.0,-36.0,130.0,11.0,11.537040444739224,10.920555818908035,11.093107437860503
340,100.0,1141.0,211.0,6488.500000000001,6489.233336285089,6411.7146042455615,6473.471273324222
341,11.0,857.0,-704.0,-4437.900000000001,-4447.762508097975,-4437.789804647504,-4460.531830751776
342,-35.0,-719.0,1083.0,8203.100000000002,8194.854495365413,8145.211290266991,8232.22534998133
343,-80.0,163.0,-785.0,-8324.900000000001,-8341.59516554444,-8318.026168372193,-8250.928781457409
344,-207.0,28.0,43.0,-2276.8,-2271.9116317763514,-2249.4258095800715,-2255.8775604734687
345,69.0,211.0,-1342.0,-11657.3,-11654.819392925789,-11732.155958769854,-11659.777891114336
346,142.0,354.0,-1736.0,-14154.200000000003,-14163.820407624504,-14224.785841734405,-14308.065972025543
347,7.0,517.0,80.0,2273.7,2285.522871511995,2247.194300250876,2242.946318606251
348,60.0,896.0,-1705.0,-13485.8,-13499.401020238318,-13508.704882517515,-13399.210387097695
349,98.0,-338.0,447.0,4781.200000000001,4787.398242968357,4805.429056875744,4513.7879794826395
350,13.0,229.0,1445.0,14953.500000000002,14951.936280110327,14953.035022689426,15041.323818143035
351,-139.0,-433.0,-19.0,-3217.9,-3223.3759893804486,-3228.9839964722514,-3205.6655097426647
352,8.0,592.0,-1039.0,-8476.6,-8499.568284002236,-8515.452198376228,-8495.666287066371
353,26.0,438.0,746.0,8841.800000000001,8843.077171152605,8850.654964843208,8823.450549789804
354,-106.0,-87.0,274.0,1029.9,1030.0655960715699,1009.0403014826924,1074.5454874570275
355,129.0,-157.0,326.0,4499.5,4489.16158179988,4496.245864610513,4607.272292221928
356,43.0,-426.0,421.0,3551.8,3543.0788882611655,3567.008520472923,3669.5035371878057
357,-131.0,1191.0,-1186.0,-10162.5,-10173.060934941846,-10185.57408845923,-10265.380631189018
358,125.0,68.0,-1825.0,-16026.4,-16029.432010926814,-15975.489893880873,-16193.704406219345
359,-3.0,388.0,1036.0,11160.2,11163.861401699414,11166.246137666958,11341.815694472794
360,-11.0,-56.0,-411.0,-4326.400000000001,-4335.016840242306,-4290.081347730202,-4366.112328737968
361,-174.0,-392.0,272.0,-724.3999999999996,-721.8553358239487,-830.9488590773727,-759.8063026533457
362,-196.0,-604.0,217.0,-2130.6000000000004,-2146.849770239962,-2131.7331603659604,-2256.1075769791855
363,-103.0,-386.0,-513.0,-7449.800000000001,-7441.830556024312,-7408.319268311657,-7250.1126220799515
364,-68.0,-710.0,-615.0,-8855.2,-8835.781661544706,-8895.900359029241,-8857.870952357207
365,-212.0,957.0,-1586.0,-15799.7,-15784.585286093952,-15821.574229125723,-15908.140397671632
366,15.0,-449.0,-642.0,-7302.900000000001,-7291.159085357776,-7296.887699887421,-7391.583667237385
367,-40.0,-1054.0,341.0,-40.0,-47.696361506601775,4.75316001918744,-30.580430384145558
368,9.0,108.0,1009.0,10300.400000000001,10294.152161853119,10372.40097965705,10190.758673199494
369,-60.0,661.0,591.0,6772.5,6778.205099522814,6788.6338666581605,6624.343823451926
370,-82.0,41.0,-380.0,-4712.1,-4704.013560004571,-4677.4174707044085,-4785.39043280074
371,8.0,245.0,398.0,4669.1,4670.532030035678,4706.522705169274,4704.897957722848
372,-66.0,808.0,748.0,8627.6,8628.096526681984,8614.241799702402,8544.165260485846
373,77.0,1036.0,549.0,9209.2,9206.641065183663,9146.631146521426,9250.09023732542
374,-24.0,564.0,-1824.0,-16674.0,-16665.294391118252,-16683.55638016423,-16539.692447631067
375,-56.0,79.0,-880.0,-9161.1,-9162.72065761677,-9155.65288816007,-9157.400407785368
376,-112.0,-1277.0,917.0,4037.9000000000005,4034.714242035603,4010.698249394974,4165.81246550086
377,99.0,-630.0,-102.0,-1374.0,-1351.9933992003064,-1381.7098991243588,-1399.2650526927532
378,-3.0,1280.0,-2469.0,-20780.4,-20779.96837666065,-20807.348753818747,-20774.31799774699
379,-101.0,-762.0,246.0,-1000.0,-1001.4268276927857,-900.7398734027323,-937.0604762866122
380,-38.0,862.0,-312.0,-1239.4000000000003,-1232.7054227503256,-1223.547842063488,-1219.264360089597
381,-47.0,-28.0,167.0,931.2,926.5638391305072,1008.8045324257907,1032.0396490201772
382,-81.0,92.0,-72.0,-1542.6000000000001,-1535.2021002378274,-1550.0438460048783,-1393.49042172203
383,214.0,68.0,-132.0,1757.5999999999997,1752.6560776837237,1724.0232544333492,1749.086931045764
384,-154.0,-574.0,-440.0,-7925.4,-7904.262524738793,-7835.500852361294,-7939.8157367339545
385,34.0,194.0,-199.0,-970.8,-962.8369851980226,-867.9723897377535,-920.1650580397554
386,-124.0,-150.0,161.0,-488.8000000000002,-483.3033739518306,-530.7770165332063,-492.2522302000727
387,-24.0,295.0,-1001.0,-9334.900000000001,-9333.497055579604,-9358.47511800226,-9349.616819160583
388,-97.0,-148.0,-840.0,-9931.4,-9944.710139617575,-9885.684289917857,-9870.675418158316
389,241.0,317.0,997.0,13855.900000000001,13849.64184125601,13870.666664366769,13878.208804361366
390,-118.0,-343.0,456.0,1961.5,1953.8648269696935,1894.893889483008,1987.4878257678931
391,-139.0,487.0,-622.0,-6643.3,-6633.742655041912,-6580.9771354791,-6669.348025706842
392,51.0,277.0,-1231.0,-10632.5,-10628.216955947835,-10687.06638453708,-10796.187032280613
393,-109.0,986.0,-1590.0,-14380.400000000001,-14373.785223707606,-14352.857326507334,-14493.85753892728
394,55.0,389.0,1633.0,17790.7,17782.762027920107,17758.225826114,17775.594404469015
395,57.0,-262.0,-2235.0,-21846.6,-21835.528217649637,-21871.273111694678,-21829.017888492257
396,-117.0,162.0,1035.0,9012.6,9001.383742278662,9063.713721606362,9019.890375069925
397,79.0,-828.0,-517.0,-6243.6,-6246.32339180753,-6223.3305820028745,-6213.421374372062
398,-121.0,571.0,651.0,6300.1,6313.669794868041,6254.755805241377,6393.944229821144
399,38.0,-368.0,809.0,7443.800000000001,7442.208783046283,7379.04122998353,7474.944774401824
400,28.0,-746.0,-1846.0,-19729.800000000003,-19725.289966250293,-19725.477030834336,-19758.039029049105
401,90.0,645.0,-622.0,-3148.1000000000004,-3155.233225850562,-3157.791733192245,-3329.643820178907
402,-124.0,-900.0,1001.0,5718.200000000001,5706.336372960368,5676.818118956885,5562.902924001553
403,11.0,416.0,-1499.0,-13419.6,-13426.722924479938,-13520.741386690586,-13247.321162865877
404,8.0,-450.0,-644.0,-7419.000000000001,-7406.7378025334565,-7401.8784593966,-7430.037451593679
405,-90.0,-332.0,-548.0,-7472.800000000001,-7461.104724082484,-7502.160747847115,-7400.50822504942
406,-33.0,355.0,989.0,10208.5,10205.42855540796,10178.67768467941,10114.921756952624
407,-11.0,212.0,-317.0,-2681.6000000000004,-2676.0545177120425,-2619.25698438732,-2615.9795551257985
408,-110.0,971.0,-2114.0,-19569.5,-19573.618948493822,-19644.278529291685,-19697.812190239176
409,20.0,-11.0,83.0,1051.7,1046.2861985846519,1032.1221181308133,1091.850830514076
410,-36.0,1034.0,671.0,8885.2,8904.130100631246,8991.382164617304,8976.075213834436
411,-228.0,792.0,-405.0,-4885.800000000001,-4886.7018067499,-4894.83904234328,-4806.094745373553
412,36.0,683.0,-115.0,1199.5,1214.4791724216968,1192.3422097722757,1338.3134926762734
413,-174.0,-527.0,-386.0,-7537.3,-7528.041829963243,-7443.130287565044,-7755.451621213567
414,249.0,455.0,-803.0,-3304.3,-3305.486476740172,-3315.011376672955,-3462.478502498294
415,97.0,903.0,1181.0,15311.7,15312.301382290589,15242.25306500534,15329.690493965165
416,-148.0,959.0,129.0,1870.3000000000002,1862.032939295788,1819.5004671808433,1817.7144736472992
417,36.0,370.0,119.0,2647.6000000000004,2651.3258111702266,2648.3889264884465,2590.8017164760663
418,36.0,-3.0,-285.0,-2318.7,-2327.957630914382,-2264.7122214415504,-2137.366210282135
419,96.0,66.0,-1372.0,-11981.0,-11976.789687435983,-12001.990836166451,-11998.274248009555
420,117.0,-432.0,1531.0,15405.2,15414.552114132788,15420.224094725916,15454.993327742375
421,-81.0,-793.0,-436.0,-7499.300000000001,-7500.25294560272,-7512.677203240334,-7338.2171525800095
422,3.0,745.0,-1178.0,-9492.7,-9508.306084052634,-9430.534669192573,-9646.276552807481
423,-126.0,-344.0,-186.0,-4440.0,-4462.248706607048,-4397.380663698047,-4523.989783142961
424,-89.0,25.0,749.0,6215.1,6218.274317276401,6219.886938468135,6033.416311451109
425,70.0,492.0,-1178.0,-9278.000000000002,-9279.626779695682,-9196.662043007655,-9422.552211700086
426,70.0,663.0,-918.0,-6268.300000000001,-6260.188649838913,-6138.98161641429,-6277.492401253146
427,89.0,165.0,-1371.0,-11797.7,-11797.634808732686,-11716.973495264376,-11807.200621447157
428,30.0,587.0,106.0,3025.7000000000003,3028.7003449101526,3094.8908077083533,3038.500291370572
429,5.0,385.0,-1696.0,-15514.300000000003,-15513.760847730115,-15481.808488950266,-15689.986254072483
430,-49.0,-346.0,-628.0,-7745.200000000001,-7753.334809970141,-7820.969510791386,-7831.8195667126
431,69.0,-115.0,-882.0,-8029.5,-8039.660093809629,-8004.999999412848,-7842.8768429041
432,-61.0,277.0,1327.0,12935.1,12935.353746294237,12902.687058969908,12864.297923057084
433,-141.0,67.0,-425.0,-5873.5,-5903.953927700356,-5877.291244620536,-5964.8799293670645
434,-38.0,-160.0,-1890.0,-19463.2,-19447.927899840117,-19475.292586958054,-19408.519874803016
435,-31.0,324.0,682.0,7143.0,7137.295247385244,7167.77409327329,7308.0752475647605
436,12.0,183.0,-1230.0,-11399.1,-11384.190955437962,-11335.208573704305,-11562.28006464646
437,24.0,-378.0,-40.0,-1091.0,-1082.1958983857128,-1002.0104998847867,-1022.0741464884663
438,31.0,-408.0,226.0,1528.6000000000001,1531.6856195073688,1624.3765336413996,1430.496642809326
439,39.0,490.0,1190.0,13507.6,13509.848522522638,13549.177337334419,13532.207207946547
440,72.0,-220.0,-184.0,-1432.4,-1445.9534908135706,-1443.1563783851757,-1527.5707158819382
441,-46.0,59.0,-351.0,-3896.9,-3883.229642484389,-3879.3214851116404,-3771.2259252226986
442,126.0,750.0,-190.0,1851.4000000000003,1857.2906846802673,1783.883544239967,1661.633832508292
443,108.0,-1337.0,1936.0,16810.100000000002,16819.81133710459,16826.968555153162,16872.133107966307
444,7.0,-200.0,376.0,3238.6000000000004,3223.6063036679134,3155.786808049007,3322.7450606185803
445,-102.0,76.0,-372.0,-4807.200000000001,-4807.40608621495,-4778.179364973771,-4680.062345339809
446,-106.0,345.0,-274.0,-3174.1000000000004,-3150.740410178476,-3141.601158892015,-3079.650153782493
447,-86.0,115.0,153.0,657.5,654.8789136831444,668.951735235525,730.3590492783792
448,-77.0,-200.0,-877.0,-10166.4,-10169.641727288723,-10080.866640027556,-10131.891993117986
449,-168.0,-817.0,488.0,325.3000000000002,324.35012695334296,349.5120593149673,250.8028161657889
450,118.0,-572.0,-114.0,-1080.4,-1082.5822426408286,-1123.9237517399408,-935.8813535987144
451,57.0,359.0,-1306.0,-11065.7,-11049.206310510279,-11101.509080952563,-10968.002662535298
452,-17.0,-42.0,-1090.0,-11023.2,-11025.27110084575,-10987.769810190815,-11160.419725251808
453,121.0,538.0,-1681.0,-13399.800000000003,-13390.479716111893,-13366.287606770657,-13466.606851540366
454,-12.0,255.0,1317.0,13434.300000000001,13458.526122156256,13430.768298178476,13362.501707759096
455,67.0,-315.0,-1853.0,-18112.100000000002,-18108.2179374213,-18117.41087751265,-18130.877995651826
456,94.0,949.0,-126.0,2587.1000000000004,2589.9520951047016,2616.613753453747,2646.8167640841025
457,-46.0,172.0,1624.0,15763.2,15766.134120673147,15798.840183052174,15681.010353037613
458,-52.0,-273.0,-1173.0,-12929.300000000001,-12935.29725900574,-12947.239761405674,-12880.380089449736
459,88.0,248.0,-562.0,-3658.8,-3652.546975927369,-3682.6433932333694,-3499.0900926665154
460,-122.0,158.0,1900.0,17411.8,17414.6118121144,17499.915328437055,17346.74737090137
461,62.0,-395.0,900.0,8584.3,8581.538455683241,8605.228800082044,8797.882654380239
462,-29.0,-713.0,-1453.0,-16553.100000000002,-16550.979430955253,-16556.739995280368,-16443.199511370047
463,-179.0,750.0,881.0,8260.2,8261.159292169114,8323.875695103765,8369.74352289025
464,-7.0,-1014.0,-1996.0,-22392.4,-22385.618190303245,-22380.401657630468,-22338.8785475965
465,-59.0,857.0,-473.0,-3112.1000000000004,-3106.4227097750695,-3145.7388429609246,-2999.4028750024036
466,-154.0,111.0,-249.0,-4204.1,-4192.9587607526,-4198.900163021211,-4185.579732425651
467,34.0,-507.0,-1140.0,-12085.3,-12087.744630479394,-12055.862814178834,-12113.264816424291
468,-98.0,1302.0,892.0,10943.8,10947.992446802056,10948.73091374077,11033.494192379392
469,54.0,-512.0,92.0,242.79999999999995,236.3219001051608,171.04682194767747,209.26914535468524
470,66.0,-29.0,369.0,4422.3,4417.207242839503,4480.116262178546,4526.249939775887
471,57.0,840.0,-1143.0,-8169.600000000001,-8153.472517444253,-8171.258775083026,-8150.508951962217
472,61.0,508.0,-1027.0,-7875.6,-7857.006932698131,-7885.440631214097,-7870.730794016436
473,39.0,1740.0,-789.0,-2511.6000000000004,-2493.1321078445335,-2449.5521057744068,-2497.330357386977
474,-8.0,770.0,1083.0,12585.2,12592.94103783872,12586.102247756153,12677.44248605256
475,-65.0,-522.0,-1473.0,-16715.800000000003,-16717.399119398837,-16784.75832055159,-16600.12521666629
476,-92.0,-186.0,-1127.0,-12779.6,-12782.642154620053,-12789.30465411738,-12756.2757883702
477,-245.0,186.0,-472.0,-7406.400000000001,-7408.660781154958,-7495.824197714269,-7415.672753290332
478,25.0,-661.0,-1284.0,-14032.900000000001,-14030.671542389055,-14009.804072539075,-14279.994361562274
479,115.0,506.0,45.0,3348.2,3347.486265150524,3331.709754049942,3041.6477279571586
480,137.0,-595.0,615.0,6256.3,6261.775219718145,6269.705029068567,6190.608211740635
481,15.0,178.0,182.0,2465.2000000000003,2460.5153310676,2458.447763060582,2468.7750461803244
482,81.0,-100.0,183.0,2608.8,2594.946526429315,2676.531169458557,2576.5316320902184
483,38.0,652.0,-449.0,-2130.600000000001,-2125.5290901577273,-2069.0725096322867,-2303.238785555107
484,-134.0,538.0,-1456.0,-14611.800000000001,-14603.76600598815,-14520.220647303267,-14604.912956403472
485,249.0,316.0,832.0,12343.400000000001,12324.247596699133,12330.910436540278,12376.173875029586
486,-69.0,975.0,1175.0,13222.9,13220.494799903614,13220.080540661724,13140.17132721157
487,-168.0,43.0,-201.0,-4104.900000000001,-4122.46405418679,-4065.487453675118,-4247.055276477924
488,26.0,-1231.0,-261.0,-5533.1,-5526.258586413136,-5528.017175386506,-5512.956625374021
489,129.0,153.0,-1102.0,-8657.9,-8652.207393055482,-8658.656409126463,-8603.398085742167
490,251.0,-945.0,1367.0,14208.5,14220.84072051359,14238.298089200243,14162.699853915721
491,-17.0,-113.0,-534.0,-5766.1,-5770.921001636261,-5782.303772013828,-5734.728653757995
492,-133.0,-476.0,-705.0,-9976.400000000001,-9996.760978540065,-10016.702665522718,-9984.319561065846
493,114.0,28.0,1123.0,12608.600000000002,12595.463466708863,12629.590108697592,12699.844826252594
494,-40.0,-1398.0,-862.0,-12758.2,-12746.823702284935,-12717.844736546163,-12884.810550616241
495,155.0,-514.0,-644.0,-5622.000000000001,-5650.214393785036,-5653.5718433360735,-5646.957055596247
496,-21.0,-1083.0,521.0,1900.2999999999997,1921.3109919430656,1835.0127893290307,1893.2884647457654
497,36.0,391.0,176.0,3262.9000000000005,3296.4398776598005,3211.765778082111,3090.545112255135
498,20.0,319.0,1777.0,18543.9,18542.71042839406,18647.998377780066,18383.954942056313
499,84.0,-174.0,-1260.0,-11692.2,-11683.76121099623,-11702.941242263165,-11761.165287732272
500,-138.0,-422.0,-219.0,-5134.800000000001,-5133.299318778774,-5142.04690832454,-5183.61003277459
501,68.0,-1083.0,-442.0,-6344.500000000001,-6340.573645044961,-6330.661918198772,-6426.6162471121515
502,-122.0,274.0,-1357.0,-14193.6,-14205.190821757185,-14179.701945091687,-14118.012964522222
503,-207.0,-469.0,-1507.0,-18808.7,-18806.821654449628,-18862.787955527343,-18710.18366684767
504,74.0,-56.0,1078.0,11404.800000000001,11404.29033311773,11399.375241835844,11427.559611807674
505,50.0,746.0,530.0,7878.2,7872.468964684592,7855.418210115631,7948.996597205119
506,-98.0,-810.0,-1073.0,-14015.600000000002,-13998.138110358555,-13999.15603516613,-14138.503449274875
507,90.0,-375.0,-1769.0,-17142.7,-17140.906402243923,-17066.590470608666,-17018.746494187584
508,-82.0,289.0,2003.0,19310.9,19317.168247099955,19388.910988254265,19251.596568015157
509,-12.0,424.0,1940.0,19996.0,19978.642099714012,20037.525926097544,19921.117738897334
510,59.0,-217.0,-1858.0,-18003.7,-17996.467302766898,-18020.054195097262,-17952.035221086637
511,111.0,659.0,982.0,12890.300000000001,12901.277941967901,12914.778644839911,12768.294066537335
512,45.0,-351.0,-1524.0,-15279.900000000001,-15267.141603761553,-15313.727687713907,-15232.067668062487
513,-65.0,-615.0,-42.0,-2943.1,-2945.6445705627366,-3005.5759414935414,-2942.309464554852
514,3.0,582.0,259.0,4149.8,4146.590393999313,4060.3517430102543,4060.257833792971
515,5.0,-389.0,-71.0,-1679.1000000000004,-1674.6890281398832,-1599.3279132140653,-1674.3207505413602
516,-69.0,801.0,796.0,9038.900000000001,9031.634464278015,9117.517623213553,8934.544286965802
517,-38.0,-385.0,-1568.0,-16915.100000000002,-16906.021706475487,-16887.02588990194,-16785.24170571985
518,171.0,686.0,-437.0,-139.0,-152.65677460243893,-67.63999711915646,-193.0424574631688
519,125.0,-744.0,162.0,1253.8,1235.6890689756874,1342.5768842825992,1344.3802808234163
520,-50.0,-622.0,1442.0,11782.2,11788.000983114547,11731.534819738152,11755.061696833947
521,-62.0,313.0,273.0,2689.7,2685.4838223459137,2656.7422849673744,2821.4909869816256
522,-56.0,-598.0,111.0,-1277.1999999999998,-1292.675642513136,-1333.240471872076,-1330.9477034369354
523,-88.0,-162.0,-920.0,-10632.6,-10635.373882726051,-10572.872296818892,-10616.489917498086
524,-9.0,832.0,235.0,4428.8,4436.303164545771,4441.437328617604,4329.71477008813
525,74.0,-324.0,100.0,1096.8000000000002,1101.1876047459907,1060.0461199307433,1004.0373864740835
526,68.0,-1536.0,-1166.0,-14662.800000000003,-14653.240703934653,-14613.41984952588,-14488.936047924208
527,-192.0,515.0,135.0,140.69999999999982,148.02331817664492,155.15324334171467,55.88611762451001
528,16.0,-135.0,138.0,1202.3000000000002,1202.447670990718,1186.9486565507914,1134.424900405808
529,130.0,-548.0,948.0,9552.800000000001,9544.080499527432,9455.587185770208,9493.226779199638
530,-87.0,395.0,-519.0,-5185.500000000001,-5174.108061776184,-5244.712514348345,-5306.800578297596
531,-131.0,1201.0,-447.0,-2893.3,-2887.9029576528337,-2846.7938250055163,-2753.4840664902913
532,-31.0,-32.0,-575.0,-6136.8,-6124.382200609236,-6032.526044331997,-6126.748986825265
533,-49.0,325.0,-110.0,-857.0999999999999,-855.344347536776,-813.0058811979416,-926.5720239432559
534,-128.0,-488.0,769.0,4503.400000000001,4497.30893301176,4552.3223035742685,4663.068836159526
535,48.0,63.0,-920.0,-8202.7,-8213.146625490102,-8262.788291593168,-8169.210619458196
536,-49.0,475.0,761.0,8083.7,8084.922943456086,8088.071804693936,7940.6917910542625
537,37.0,233.0,-671.0,-5450.9,-5457.343064069616,-5451.788016673312,-5218.023576978322
538,71.0,173.0,1428.0,15412.900000000001,15411.82467404362,15434.130702024522,15498.117628696473
539,124.0,-1343.0,-201.0,-3934.3,-3922.306657852936,-3912.2103071506745,-3983.4727101368394
540,82.0,-85.0,20.0,1065.3,1080.105272942496,1074.8139916067014,1260.5012438557817
541,-85.0,-709.0,1920.0,15762.7,15752.846561187385,15797.985148828513,15622.433186127862
542,23.0,1772.0,1593.0,20704.0,20710.73922228972,20721.53427280092,20743.250073556035
543,38.0,174.0,-357.0,-2519.6000000000004,-2511.653239734965,-2481.093779477544,-2536.081252902173
544,-135.0,-355.0,39.0,-2385.3,-2394.7249890218823,-2375.9712014287998,-2240.0498292828725
545,98.0,-441.0,923.0,9167.900000000001,9186.706063266587,9102.130464875096,9162.340647846791
546,-57.0,814.0,-634.0,-4779.200000000001,-4782.6746553635685,-4803.376378804316,-4666.944703831646
547,-151.0,-374.0,-608.0,-8991.6,-9007.937573911751,-8950.02188209991,-9073.943787502749
548,-12.0,-291.0,-2242.0,-22918.100000000002,-22924.17341480697,-22845.894187860482,-23041.954971663978
549,54.0,704.0,1669.0,18980.600000000002,18996.207850187773,19013.589548471195,19125.853286698308
550,-210.0,876.0,-626.0,-6583.6,-6576.1289888188985,-6615.530038704725,-6625.381683691147
551,-42.0,566.0,-2111.0,-19722.4,-19713.072113985774,-19661.652873827676,-19720.93331390436
552,39.0,1034.0,-683.0,-3379.0000000000005,-3379.741208842226,-3418.0316980254797,-3297.9741886242855
553,-57.0,-570.0,-1585.0,-17835.800000000003,-17842.43737323161,-17918.43725248463,-17849.661342329782
554,31.0,-923.0,1811.0,15671.100000000002,15656.65638380542,15718.064770594925,15556.06271988116
555,143.0,-36.0,833.0,9982.400000000001,9995.27199050211,10023.681516125787,9866.7198661393
556,-30.0,42.0,2590.0,25093.400000000005,25092.93331148096,25120.658822337784,24930.83865924446
557,-129.0,-468.0,-844.0,-11263.400000000001,-11276.170106470658,-11305.739964087577,-11212.46205505979
558,35.0,-822.0,-568.0,-7316.800000000001,-7322.071497071217,-7302.278702739439,-7350.0421931058245
559,1.0,296.0,-70.0,126.60000000000002,114.35897667798548,189.5767873391973,11.32681984397577
560,147.0,604.0,655.0,10019.600000000002,10001.682344971156,10013.127695866728,9994.615072192993
561,89.0,-406.0,-1753.0,-17083.0,-17091.129500382795,-17058.860407196888,-17012.587218883367
562,-33.0,-470.0,-103.0,-2720.6000000000004,-2716.3376391939482,-2788.5002611388322,-2715.391226879561
563,-58.0,-551.0,753.0,5114.5,5124.42680224314,5061.513306249165,5052.639498653733
564,-24.0,1067.0,-1660.0,-13708.7,-13721.35969897173,-13744.87930858001,-13700.306966937887
565,283.0,-796.0,-919.0,-7363.200000000001,-7344.755556441599,-7362.043153908078,-7241.920527046249
566,24.0,-669.0,725.0,5620.300000000001,5617.281180720551,5626.796779694547,5487.255600891126
567,-142.0,582.0,1180.0,11232.6,11242.153689415214,11241.047003383821,11246.123805668063
568,-46.0,-804.0,921.0,6238.6,6238.158048623871,6171.37688568638,6272.106204880683
569,112.0,-28.0,-952.0,-7904.400000000001,-7892.500007314045,-7872.58619593885,-8059.333189304412
570,60.0,-459.0,901.0,8394.5,8394.290509339395,8339.292278757095,8135.187911291775
571,140.0,-560.0,701.0,7233.8,7216.073488476667,7222.46237958763,7111.781221393577
572,54.0,-576.0,-1339.0,-13953.800000000001,-13957.77781414714,-13915.326511726671,-14184.718205438536
573,118.0,-911.0,-184.0,-2681.7000000000003,-2684.3139847321063,-2557.175868438209,-2792.2155467257426
574,-11.0,-357.0,-240.0,-3463.3,-3459.877135859002,-3432.5449279266227,-3304.702945650073
575,-147.0,90.0,470.0,2879.2,2874.8731551179867,2841.6264949399592,2783.8878499920584
576,30.0,121.0,-368.0,-2877.7,-2890.234412462633,-2894.778003317889,-3050.4925161128795
577,8.0,802.0,-491.0,-2539.2000000000003,-2513.6992808757927,-2486.0089988560644,-2490.0403517788745
578,-202.0,153.0,-72.0,-2999.3,-2984.465381363089,-3011.272049322049,-3070.710103576286
579,-24.0,148.0,580.0,5762.0,5773.987186793886,5753.608598794592,5687.701965129274
580,-29.0,972.0,989.0,11928.0,11937.569353897072,11837.04250890129,11984.09022263954
581,133.0,-391.0,75.0,1461.5,1462.0210889398122,1454.5918428446885,1534.859461799198
582,-237.0,430.0,-538.0,-7287.200000000001,-7305.123002866083,-7314.834458138745,-7233.2716033611505
583,-9.0,1090.0,1374.0,16287.6,16278.017683043272,16314.565881586936,16349.759948578385
584,91.0,256.0,-16.0,1753.8000000000002,1742.5478663454462,1843.2159554611203,1627.3810388799209
585,41.0,423.0,-2121.0,-19094.300000000003,-19081.711426164136,-19169.805541014925,-18924.47384260358
586,209.0,-58.0,1664.0,18951.2,18953.10006200258,18924.681962552986,18896.189793841444
587,1.0,-513.0,-1437.0,-15454.300000000001,-15440.814923145717,-15500.966760669438,-15473.048867808093
588,-66.0,-994.0,-855.0,-11947.2,-11944.444013591736,-11997.687653621133,-11988.025856405999
589,169.0,-739.0,-909.0,-8638.900000000001,-8645.419046513345,-8573.424199743544,-8682.038623102813
590,63.0,29.0,496.0,5783.3,5786.0441185676655,5719.053922026745,5704.436211261504
591,-40.0,409.0,-205.0,-1440.7,-1439.4806773473747,-1449.1713540997514,-1304.7978087955655
592,87.0,181.0,448.0,6044.900000000001,6037.538650558687,6070.652005450728,6083.463787057035
593,61.0,-145.0,-1563.0,-14891.500000000002,-14898.168735597163,-14887.039530707108,-14976.60134352205
594,131.0,606.0,-1865.0,-14885.4,-14880.619813969404,-14874.915387751762,-14864.976710495146
595,-169.0,232.0,-1131.0,-12722.0,-12712.123582884722,-12700.955368530735,-12838.78316964072
596,-24.0,-54.0,-1348.0,-13677.800000000001,-13676.867465526584,-13637.414515887953,-13642.292354874098
597,-141.0,-65.0,87.0,-1212.3000000000002,-1200.5611365308303,-1173.799840874169,-1333.6874769976507
598,-30.0,-730.0,-462.0,-6900.6,-6900.5898803374075,-6937.7856657797,-6903.596427349548
599,-76.0,790.0,277.0,3829.2000000000003,3812.7807731346957,3920.8134607691472,3570.97843245511
600,53.0,128.0,295.0,3946.8,3927.1103948645914,3973.8563006742215,3847.9833775682355
601,56.0,853.0,-676.0,-3571.2999999999997,-3587.4035817229565,-3601.9626745029263,-3531.6688382889038
602,80.0,224.0,-591.0,-4115.0,-4126.667092398285,-4046.5593791175374,-4170.897481877092
603,-18.0,-836.0,-1186.0,-14121.2,-14106.739750239125,-14138.100236343993,-13945.778715458215
604,-1.0,-321.0,1674.0,15525.1,15524.513382544486,15449.607106345833,15566.522126874037
605,42.0,-856.0,-877.0,-10343.0,-10328.798241563907,-10311.813976392821,-10240.686031760297
606,103.0,-615.0,-1783.0,-17753.7,-17773.92356749353,-17810.85571288935,-17672.81816369848
607,154.0,-1055.0,1051.0,9514.900000000001,9512.243867023784,9495.666124811922,9588.902484091614
608,-68.0,158.0,-967.0,-9961.2,-9974.286878306066,-9981.976650111976,-9875.251983988852
609,-43.0,-222.0,1383.0,12377.800000000001,12373.362324710348,12446.134246962605,12471.684268541967
610,-83.0,-1250.0,1366.0,8899.600000000002,8908.763680914104,8927.140201302373,8803.64704236135
611,-155.0,-114.0,-556.0,-7833.6,-7828.385673910591,-7743.582452389275,-7871.199970172442
612,25.0,-64.0,525.0,5307.2,5286.537064384275,5338.258006472501,5109.269539826817
613,-68.0,-919.0,897.0,5398.1,5406.353171951094,5389.277298979673,5240.5726092159675
614,31.0,-880.0,327.0,1244.0000000000005,1258.6409266035512,1232.54717953651,1440.3686739197926
615,221.0,251.0,1621.0,19524.9,19528.350714413868,19544.845326009352,19540.554662779567
616,7.0,-443.0,155.0,416.6999999999998,430.4890253907378,433.83118551359973,398.2723176881827
617,-26.0,-85.0,-1709.0,-17326.100000000002,-17324.97306689869,-17340.908097150907,-17025.20081220347
618,-97.0,510.0,-648.0,-6273.200000000001,-6267.060904696511,-6211.9053643807865,-6284.298077782375
619,-13.0,991.0,-255.0,2.5000000000004547,-1.4362073649594347,26.633263422173993,169.29031183340425
620,56.0,-25.0,-1921.0,-18142.9,-18146.850223940946,-18145.268714141053,-18250.29678246921
621,-210.0,238.0,-38.0,-2543.8,-2553.7304132062345,-2478.580466246455,-2499.5064660474322
622,3.0,221.0,184.0,2440.1000000000004,2437.9540218413963,2399.9189450145514,2370.1899633625108
623,-163.0,-379.0,-183.0,-5000.900000000001,-4997.901207932431,-4999.878508690303,-5000.8911111468615
624,136.0,168.0,137.0,3618.6000000000004,3624.838653426763,3569.1038149264846,3621.672260018445
625,181.0,-399.0,-281.0,-1405.7000000000003,-1406.237918560327,-1366.679532083179,-1359.0517772049054
626,115.0,-67.0,488.0,6142.5,6142.9192976683335,6039.533687711542,6152.6127979786515
627,118.0,-516.0,-693.0,-6603.400000000001,-6591.861153217188,-6630.885545694369,-6440.638206414413
628,152.0,-149.0,716.0,8651.3,8650.46150187179,8675.006601446185,8773.676001582557
629,-15.0,-211.0,151.0,709.1000000000001,699.0310476891477,742.3223599893922,707.9411393494216
630,2.0,246.0,-499.0,-4199.200000000001,-4201.584563417028,-4227.6614492623585,-4236.880869300707
631,126.0,-336.0,-1953.0,-18358.2,-18355.297572063537,-18406.527528146125,-18388.29732382741
632,-188.0,790.0,1964.0,18861.0,18860.255086905512,18985.748056755427,18779.029743194864
633,14.0,-1357.0,1313.0,9391.100000000002,9391.67959923919,9396.411736301208,9391.372695863018
634,-77.0,81.0,-228.0,-3047.5,-3033.7945135205036,-3036.8987520186865,-3177.4858654907443
635,-65.0,230.0,276.0,2454.8,2457.5501257684955,2407.5485681055734,2475.617200711626
636,-12.0,26.0,89.0,781.6,792.295631539551,719.6742576759782,872.4992607587295
637,-129.0,575.0,-998.0,-9956.500000000002,-9954.724868779926,-9976.868950015247,-9858.619020538192
638,185.0,-94.0,-1438.0,-11867.2,-11881.008523005385,-11859.378088749712,-11859.707064989614
639,-109.0,-36.0,1413.0,12289.600000000002,12295.33037213074,12252.75176444636,12395.866946340839
640,-14.0,785.0,588.0,7694.300000000001,7697.255370038406,7743.400601464792,7731.581706235144
641,42.0,260.0,-628.0,-4889.6,-4879.7941514636095,-4908.757894740741,-4737.638564140968
642,-73.0,-801.0,1165.0,8276.099999999999,8262.47149612393,8241.692053192919,8279.118262140755
643,-117.0,-306.0,234.0,-100.79999999999973,-108.33231605610726,-139.36287718393555,-43.37356675718436
644,37.0,612.0,-7.0,2079.6000000000004,2082.568816025316,2085.173155186004,2061.9285044651824
645,-48.0,-147.0,139.0,322.0999999999999,325.736817739258,322.56695224170875,483.3474646514024
646,-6.0,-643.0,-38.0,-2188.9,-2175.9376435248464,-2259.4617249398116,-2260.4129309461805
647,-8.0,107.0,139.0,1543.9,1543.876256646885,1467.1200025124194,1639.969263804889
648,-0.0,-161.0,-174.0,-2139.9,-2136.4458297175483,-2105.497565481177,-2082.1292627429457
649,-31.0,826.0,668.0,8361.2,8345.548032296474,8402.775325880859,8294.116887668204
650,-35.0,654.0,231.0,3560.6000000000004,3581.1954012191213,3560.972174214765,3680.1890932918814
651,-179.0,-892.0,160.0,-3239.0,-3239.362118914487,-3226.258644966683,-3229.6855143166217
652,-47.0,256.0,-721.0,-7004.400000000001,-7001.258033292896,-7004.700394203129,-7177.408465716709
653,-144.0,-511.0,465.0,1247.6999999999998,1256.0237101641374,1254.6821595570873,1235.1108734975232
654,-31.0,590.0,-1499.0,-13512.6,-13510.056455365766,-13454.182678083152,-13608.732261306386
655,-67.0,73.0,-579.0,-6374.900000000001,-6385.4144293787085,-6441.409666133034,-6363.262645962629
656,97.0,330.0,-1018.0,-7785.600000000001,-7779.328650493224,-7779.778177628593,-7828.152080780734
657,-76.0,-479.0,135.0,-988.7000000000003,-982.1943934291792,-1001.6146723906058,-1059.7820159104078
658,76.0,-803.0,802.0,6709.9,6721.400370578076,6655.871870973497,6723.068653890168
659,29.0,-540.0,2986.0,28193.4,28182.785559510714,28215.635595980275,28145.597420310696
660,80.0,12.0,-518.0,-3972.0000000000005,-3979.4918107239478,-3960.0492173390235,-3854.476215732651
661,-284.0,112.0,785.0,4189.800000000001,4179.428156325531,4159.556070548274,4278.52524874444
662,67.0,-317.0,-942.0,-9189.7,-9176.07748925494,-9155.978064800693,-9318.31030789075
663,40.0,-505.0,367.0,2769.1000000000004,2753.561096181194,2709.7760257212017,2773.8959716382205
664,-192.0,18.0,-101.0,-3514.0000000000005,-3510.9085874670145,-3449.749458354279,-3609.3688846700925
665,136.0,542.0,46.0,3736.6000000000004,3746.128734413869,3788.582086933978,3803.969022883445
666,166.0,1094.0,260.0,7726.200000000001,7713.842707211456,7815.776496348363,7634.968327315289
667,203.0,-210.0,1489.0,16745.4,16760.32733525412,16654.20443320087,16866.427377443273
668,-86.0,422.0,-2363.0,-23170.4,-23166.225442794264,-23283.620637276017,-23044.729503818893
669,-31.0,806.0,-53.0,1241.4,1235.3509188792536,1225.9519078619762,1209.4961504070056
670,68.0,-104.0,145.0,2051.4,2055.7246087178078,2122.299921243904,2049.220847441951
671,-136.0,-530.0,748.0,4077.0000000000005,4077.674714402377,4084.3222318836756,4185.281173457012
672,36.0,4.0,-326.0,-2701.6000000000004,-2696.859363822549,-2687.3367178064113,-2747.4303144883575
673,-49.0,594.0,-714.0,-6050.000000000001,-6045.362890683285,-5966.867325532911,-5906.270843901759
674,-91.0,729.0,376.0,4433.700000000001,4420.270845603109,4431.9403832642065,4518.3548834206595
675,8.0,-496.0,-963.0,-10669.400000000001,-10661.51872079453,-10619.339743222303,-10876.232197755557
676,-55.0,-762.0,247.0,-373.7999999999997,-370.31153373248964,-294.6298326518534,-358.95897707872984
677,-64.0,-995.0,-100.0,-4524.1,-4528.338843901414,-4559.306688841535,-4424.996158874572
678,282.0,-35.0,-221.0,1518.5,1534.3759184211037,1430.791689226835,1540.9889497374609
679,77.0,-265.0,-1084.0,-10306.900000000001,-10303.368465185975,-10304.431928853899,-10241.236133911996
680,58.0,-571.0,-421.0,-4890.3,-4897.496770249317,-4972.261073469931,-4891.886762252127
681,-220.0,593.0,-1613.0,-17154.300000000003,-17152.34350280391,-17146.438516880742,-17052.923304020616
682,-85.0,137.0,1806.0,16929.700000000004,16914.371165312532,16915.76497670972,17171.019268210704
683,-21.0,740.0,730.0,8870.6,8862.071138182631,8872.419588542942,8875.235402008679
684,2.0,606.0,-1876.0,-16721.800000000003,-16728.549152724896,-16749.762812107885,-16938.94501032522
685,-173.0,-394.0,-300.0,-6322.0,-6330.411063165397,-6373.556065653423,-6398.316114936856
686,-142.0,599.0,-824.0,-8360.7,-8358.427935781658,-8418.764079816807,-8311.80857522997
687,-47.0,-132.0,1251.0,11273.6,11282.744187687338,11262.254421530093,11159.731963994464
688,-51.0,-224.0,-1094.0,-12009.400000000001,-12004.827876124236,-11947.353388597354,-11933.222136435756
689,5.0,449.0,1146.0,12510.100000000002,12521.550350427575,12511.783524412001,12439.345266017785
690,-88.0,-381.0,69.0,-1531.7,-1542.088319859075,-1482.901841889341,-1577.5839372138746
691,22.0,79.0,1860.0,18736.1,18745.070532339585,18738.87052276028,18823.49748525622
692,257.0,-32.0,654.0,9766.6,9774.45111486366,9713.877903201052,9749.643594746805
693,-59.0,-545.0,-280.0,-5006.1,-4999.69906339507,-5143.4212648958455,-4897.203278293919
694,99.0,785.0,745.0,10747.100000000002,10754.756954682927,10761.172577853948,10685.969323640526
695,-140.0,171.0,713.0,5573.1,5569.236703470012,5598.21899676754,5621.234857271387
696,150.0,-2037.0,751.0,3869.8999999999996,3857.051175604182,3882.009293205058,3953.7489113301267
697,122.0,242.0,-559.0,-3190.000000000001,-3190.529766950745,-3169.263479599994,-3088.908761287976
698,168.0,-72.0,-492.0,-2764.8,-2744.4449687791857,-2785.897737049073,-2659.8489725178215
699,28.0,456.0,-696.0,-5214.4,-5215.20322294123,-5177.570955587602,-5136.807097014791
700,-97.0,144.0,856.0,7477.800000000001,7474.341467887715,7505.088402628891,7694.194057846525
701,69.0,488.0,-96.0,1301.4,1318.8162334300755,1205.6044087298815,1390.8380709728688
702,14.0,-609.0,-392.0,-5298.300000000001,-5276.237451993886,-5201.913589200926,-5435.11892547754
703,-40.0,68.0,-682.0,-7036.0,-7045.733326409195,-7014.843620972134,-7154.450575521238
704,163.0,-886.0,1315.0,12679.000000000002,12673.646153647056,12669.489929769039,12649.914853546252
705,-102.0,87.0,-425.0,-5296.9,-5281.278934234367,-5415.0353240290715,-5350.795489178907
706,-102.0,-683.0,-491.0,-8022.700000000001,-8014.477379184743,-7992.551098896839,-7930.551909717651
707,178.0,565.0,824.0,11985.900000000001,11988.557735292505,11903.80959582703,11830.086693642348
708,91.0,1561.0,942.0,14665.7,14655.826198738616,14552.380078131038,14661.744306728791
709,-15.0,101.0,-1285.0,-12521.300000000001,-12532.552090761865,-12464.262595253105,-12567.284816495665
710,191.0,258.0,1551.0,18455.800000000003,18474.868544070494,18466.524595109448,18412.994270755797
711,-38.0,-52.0,-986.0,-10312.400000000001,-10318.614428784298,-10236.501468877967,-10475.64601514136
712,-45.0,-3.0,1369.0,12805.1,12806.302384586521,12825.363078216635,12699.668104710525
713,-62.0,292.0,291.0,2809.4,2806.801615602544,2846.1672267480776,2954.7585000403737
714,-36.0,2.0,342.0,2874.6000000000004,2884.829079974287,2878.3267067293978,2920.124799127994
715,-165.0,-238.0,24.0,-2618.4,-2624.1962840889264,-2577.299530641305,-2526.5798253878656
716,-85.0,-761.0,-663.0,-9691.1,-9700.01314789748,-9663.566622949265,-9751.953992719327
717,90.0,197.0,-1148.0,-9512.500000000002,-9496.673656086008,-9556.005822146617,-9533.035244810435
718,-11.0,80.0,621.0,6154.400000000001,6158.363757270732,6100.408793131762,6170.737788743951
719,-123.0,-338.0,124.0,-1345.6000000000001,-1368.4095230483815,-1328.424610728931,-1450.3335760187372
720,-19.0,213.0,280.0,3064.5,3075.077637806113,3150.1481458702633,3047.7999007701196
721,-65.0,-297.0,-212.0,-3750.5000000000005,-3729.39099282377,-3787.107339273493,-3811.8227931966003
722,-198.0,349.0,-1007.0,-11579.5,-11579.255361088895,-11652.321991473545,-11498.847261481757
723,-37.0,406.0,-727.0,-6524.200000000001,-6542.95825763276,-6607.184256088648,-6372.448775125079
724,43.0,320.0,-882.0,-7203.400000000001,-7193.0833857722055,-7290.884797227149,-7241.15324868682
725,-207.0,1038.0,863.0,8486.2,8483.288554537543,8491.461169319875,8337.071805952211
726,140.0,172.0,-206.0,321.5999999999999,330.02913695800726,351.7815069028045,457.3694106459468
727,-131.0,263.0,461.0,3472.5,3486.6253851534616,3496.642622251952,3488.9875482682896
728,-73.0,209.0,675.0,6201.100000000001,6198.190118137895,6161.012248494839,6140.715869558808
729,94.0,-523.0,-581.0,-5846.3,-5834.59487515442,-5830.334282973964,-5901.881630361176
730,-43.0,267.0,1452.0,14374.300000000001,14368.573532266264,14460.531765533147,14437.185454785576
731,9.0,385.0,198.0,3100.5,3103.8154914680854,3083.0197901931606,3177.09846401857
732,5.0,163.0,761.0,7964.900000000001,7963.434973237666,7920.030151708687,7998.18233270818
733,-86.0,-46.0,-220.0,-3432.6000000000004,-3416.9494152477077,-3379.5946539966235,-3331.9128278457624
734,-44.0,436.0,-773.0,-6987.8,-6987.709498210848,-6981.583161338666,-7115.99488881642
735,35.0,690.0,-1282.0,-10231.6,-10215.847101931933,-10228.391500959176,-10233.35173030234
736,99.0,-168.0,956.0,10241.800000000001,10252.385845180266,10179.672517982664,10245.862057907614
737,7.0,259.0,864.0,9260.300000000001,9273.128699757432,9262.566243705014,9235.611153468313
738,-196.0,-522.0,489.0,756.4000000000005,743.3963467672136,721.2237752365747,916.8491634416023
739,94.0,-72.0,-244.0,-1326.0000000000002,-1315.4027665166302,-1336.7248455057916,-1366.1064733419114
740,-61.0,97.0,-1289.0,-13187.7,-13195.41594143269,-13211.718959569265,-13263.004085423498
741,130.0,-440.0,-2540.0,-24338.0,-24348.200950178933,-24360.007461424706,-24350.158575986752
742,-0.0,384.0,974.0,10582.0,10559.14693562703,10623.506645530671,10574.25692581455
743,39.0,52.0,382.0,4406.6,4394.584115858578,4397.489481045184,4452.827130942845
744,-156.0,289.0,1129.0,9754.1,9752.851593199528,9696.434546075146,9794.047699951238
745,-36.0,-1144.0,-321.0,-6717.0,-6720.211066572876,-6696.032688293671,-6789.908320751379
746,-136.0,-606.0,371.0,177.19999999999982,190.47666659483323,227.856404622764,335.9164702467639
747,-119.0,30.0,743.0,5767.8,5774.055270771828,5789.298062911455,5845.815852561327
748,246.0,1098.0,-516.0,1204.1999999999998,1216.0796975300436,1194.07648097373,1638.4586744272494
749,156.0,-139.0,721.0,8780.9,8779.856563946594,8845.204927673143,8605.73823056022
750,-92.0,295.0,44.0,-5.099999999999909,-0.19515622824146117,-27.680301870905133,-76.15102272126971
751,32.0,810.0,740.0,9867.800000000001,9866.969858469176,9936.407090607452,9829.501043097993
752,86.0,-447.0,1292.0,12607.1,12612.956436993518,12624.656334591591,12695.321112994518
753,-194.0,200.0,-311.0,-5107.4,-5102.535670539049,-5021.78703313424,-5159.030574862736
754,35.0,-1189.0,-687.0,-9473.900000000001,-9458.78057990872,-9466.34248036463,-9708.001699850969
755,133.0,668.0,194.0,5487.0,5488.238072586153,5587.0276970074165,5577.739137527539
756,108.0,-242.0,1851.0,18933.600000000002,18944.00620384992,18967.73311617958,18834.87009745982
757,77.0,-616.0,494.0,4209.800000000001,4226.341872963944,4182.995811765678,4365.844212933846
758,-169.0,-126.0,502.0,2314.8,2307.190076697224,2292.1250152553157,2184.9131529155525
759,-96.0,-788.0,-131.0,-4697.800000000001,-4722.987026925151,-4735.820499376901,-4713.223791893683
760,27.0,-209.0,-709.0,-7150.700000000001,-7155.637664259387,-7167.997645388428,-7255.997773586626
761,-62.0,96.0,344.0,2799.6000000000004,2802.8741520096,2829.5842226867126,2664.7205321916467
762,-16.0,-149.0,-1539.0,-15698.900000000001,-15700.462311481153,-15685.011986131045,-15627.904678428124
763,-64.0,-262.0,-348.0,-4975.4,-4980.2676917272875,-4967.671833916449,-5106.649468325331
764,-173.0,280.0,-698.0,-8402.6,-8386.108061726367,-8356.671323739149,-8220.71590912019
765,-58.0,308.0,1317.0,12961.0,12956.823839129886,13024.888273114468,12946.668172803205
766,67.0,-281.0,1153.0,11438.500000000002,11428.465227208817,11506.243957163033,11637.23578145115
767,-16.0,2063.0,400.0,9275.7,9287.703633264906,9343.56142573079,9300.204612738544
768,173.0,559.0,129.0,5091.700000000001,5089.225577503282,5080.607313874004,5042.841767744076
769,-128.0,476.0,-1327.0,-13434.6,-13428.67934163733,-13298.181449174754,-13223.622712126584
770,44.0,485.0,-61.0,1301.2999999999997,1291.0760827286233,1289.8589335867039,1254.7292546493131
771,19.0,691.0,1223.0,14105.7,14095.432723942258,14151.019537846167,14102.845742330592
772,44.0,-502.0,372.0,2879.8,2878.3029454385232,2915.0905336438873,3000.7504020868005
773,140.0,655.0,1826.0,21539.300000000003,21535.310337431267,21489.110537709286,21492.604690618908
774,-72.0,580.0,154.0,2110.4,2113.545973316115,2245.875115732277,2240.9429856192737
775,72.0,376.0,-762.0,-5487.6,-5501.762696838972,-5517.298140584959,-5513.127861001276
776,-156.0,-200.0,1439.0,11471.800000000001,11468.07935276118,11448.539524919599,11386.869020245715
777,-28.0,-32.0,1111.0,10426.2,10437.621673206373,10529.211684605158,10535.95302151613
778,-37.0,72.0,2047.0,19759.2,19767.00436818031,19764.960938959495,19682.21297967659
779,-50.0,-128.0,-1482.0,-15539.2,-15547.04228380698,-15554.41241020247,-15627.367003788479
780,-92.0,-937.0,-1843.0,-21824.100000000002,-21832.28703822999,-21780.428327609465,-21875.902921821813
781,-97.0,-780.0,1174.0,8099.400000000001,8102.213930216861,8113.8512597306835,8416.89886323598
782,-84.0,113.0,-205.0,-2829.5000000000005,-2831.7774166895615,-2881.2862465492476,-2897.8889307733793
783,-169.0,-389.0,1752.0,13854.700000000003,13861.087540703937,13906.289408337336,13720.20181517603
784,-25.0,903.0,500.0,7003.1,7019.23008839435,7026.245631800737,6952.519088549043
785,-11.0,-10.0,-507.0,-5143.0,-5136.673521646155,-5072.753073701204,-5211.539987775491
786,57.0,-729.0,-1412.0,-15042.1,-15049.862447714562,-14986.969759521993,-14997.807977836645
787,97.0,325.0,359.0,5695.5,5702.824370571726,5750.0298567127675,5622.082945060824
788,42.0,204.0,-881.0,-7520.200000000001,-7528.309889056816,-7530.410471577156,-7619.524653937068
789,173.0,644.0,241.0,6418.800000000001,6419.654568540451,6486.762329041188,6443.452629932672
790,9.0,-99.0,603.0,5762.700000000001,5768.836807328635,5820.081298013057,5916.4526705010185
791,-121.0,-713.0,1213.0,8340.900000000001,8349.111644998477,8310.7590419304,8192.744059750214
792,203.0,-759.0,-172.0,-1014.7,-1000.3976402404525,-1022.9060070777902,-1070.3900157215132
793,6.0,-70.0,-1415.0,-13975.600000000002,-13960.662591878805,-13959.012894997015,-13958.711531799965
794,144.0,-112.0,-1728.0,-15307.2,-15298.252042571938,-15346.58195413637,-15299.954537098021
795,25.0,-20.0,565.0,5818.0,5815.512382115773,5816.968290195426,5709.389441798952
796,-245.0,-174.0,872.0,4792.8,4798.776606447282,4698.634856203097,4852.198603234482
797,148.0,229.0,433.0,6844.900000000001,6847.24350968648,6931.257316308737,6833.470973436285
798,-8.0,122.0,-1427.0,-13762.4,-13751.805171426804,-13767.297274692735,-13752.765811287383
799,-58.0,-50.0,-1076.0,-11457.000000000002,-11454.548685043428,-11482.165300361003,-11571.565670614855
800,109.0,-342.0,41.0,939.0,935.6720909494983,893.8542427169939,968.8404015141913
801,171.0,1633.0,1482.0,21224.1,21204.935091159372,21131.527674226327,21324.85735255313
802,85.0,723.0,-172.0,1405.5000000000002,1420.0383518991505,1483.585414867464,1487.1810474138206
803,-115.0,-288.0,-947.0,-11599.2,-11606.875280709872,-11553.606910700268,-11807.37263867307
804,2.0,460.0,238.0,3601.2,3594.541139673734,3613.1859474665916,3541.5330740697445
805,105.0,170.0,602.0,7765.6,7770.093455938604,7702.086293453166,7734.520616393468
806,-49.0,-556.0,-1494.0,-16799.0,-16816.64166862463,-16729.630285596133,-16844.085056370808
807,-66.0,220.0,623.0,5815.000000000001,5823.747014301109,5823.537618498207,5870.154754256831
808,-174.0,30.0,187.0,-417.9999999999998,-422.46280317957644,-362.07080165528674,-190.82280020677084
809,-146.0,-865.0,91.0,-3400.0999999999995,-3388.7897045245886,-3351.570179378993,-3271.885947789478
810,82.0,-277.0,563.0,5868.3,5875.2509340811575,5865.410040627074,5847.014446670732
811,-116.0,-452.0,1693.0,13816.600000000002,13825.19657023085,13828.948686393038,13699.294620638346
812,134.0,89.0,-1259.0,-10302.300000000001,-10287.85764562718,-10318.755045190701,-10171.75634120967
813,10.0,357.0,523.0,6223.300000000001,6232.423353734113,6204.76207059362,5976.236694945211
814,129.0,-1363.0,-953.0,-11290.900000000001,-11279.113407415365,-11302.606248223226,-11346.494876226303
815,59.0,217.0,-712.0,-5601.1,-5593.830496904831,-5599.56959926565,-5583.781607679617
816,-163.0,696.0,151.0,1174.8,1173.8604882662507,1170.9085452205743,1221.0183669890614
817,-80.0,-1063.0,221.0,-1776.3000000000002,-1785.7834671398862,-1760.355074463186,-1673.1206427144314
818,133.0,-1190.0,-584.0,-7154.000000000001,-7156.123926448934,-7128.293980723635,-7122.77329604737
819,52.0,420.0,119.0,2997.0,2989.4708943877713,2913.902720056284,3139.6177316737408
820,-0.0,398.0,131.0,2358.4000000000005,2343.821006979909,2337.6299544196804,2369.7642948380353
821,-2.0,357.0,864.0,9404.300000000001,9410.74152397322,9424.41955017633,9316.833246749444
822,-100.0,417.0,662.0,6273.5,6274.740275863153,6180.444977092622,6149.096838412044
823,40.0,636.0,155.0,3772.2,3790.1828439645305,3660.535713882038,3838.52746499813
824,-95.0,619.0,1351.0,13638.100000000002,13641.919232912534,13622.898712835504,13604.88563221823
825,19.0,11.0,-1189.0,-11367.900000000001,-11365.516296000937,-11204.731188507987,-11474.326271835957
826,152.0,191.0,774.0,10137.7,10146.408377405885,10167.553066388324,10009.30148767019
827,-41.0,-98.0,93.0,97.40000000000009,109.36110287970328,139.94423503301002,89.1218241989968
828,-144.0,731.0,-1176.0,-11480.7,-11472.493926867683,-11489.957878615318,-11330.285082318864
829,-37.0,1310.0,-0.0,3041.2000000000003,3043.33546784077,3154.8994262563183,2997.290358640421
830,-95.0,365.0,1557.0,14971.1,14967.317981868953,14947.322170465648,15009.303742662947
831,-154.0,38.0,388.0,1841.4,1843.519187617359,1873.1640371086492,1925.216307338208
832,13.0,-206.0,1181.0,11191.800000000001,11194.216676938184,11155.294956152213,11146.59959703316
833,-109.0,568.0,-525.0,-5072.0,-5067.815341748169,-5074.830917746018,-5028.03701856156
834,-115.0,557.0,-1153.0,-11336.500000000002,-11331.956236703538,-11349.175258184288,-11338.377699463845
835,47.0,-473.0,-1462.0,-14974.9,-14964.34434370103,-14890.299429242486,-15108.91052006853
836,-161.0,678.0,-868.0,-8833.2,-8830.180940591987,-8796.058256900174,-8928.597374842231
837,-44.0,57.0,-452.0,-4865.3,-4865.59520750408,-4834.059138206878,-4649.959183277875
838,18.0,-38.0,-996.0,-9622.2,-9622.518575674596,-9625.723654084304,-9514.051762168201
839,-119.0,-577.0,652.0,3237.1000000000004,3248.445412187492,3191.245374877815,3131.359997021637
840,-34.0,-983.0,-879.0,-11723.900000000001,-11757.46982776969,-11741.005150082192,-11758.51144289073
841,-24.0,194.0,-419.0,-3904.000000000001,-3925.705954338824,-3896.6777617515063,-3947.0509674074224
842,42.0,-78.0,1011.0,10260.000000000002,10275.784893114067,10290.396173264857,10335.213484982056
843,-79.0,-144.0,-58.0,-2015.8000000000002,-2025.0360612482682,-2057.414653836445,-1977.6948833389567
844,-208.0,1026.0,-716.0,-7033.8,-7041.486941805954,-7064.770085097847,-7018.82404051955
845,-94.0,-357.0,106.0,-1184.6999999999998,-1184.3297956338135,-1190.83317581289,-1139.3922127840294
846,-123.0,556.0,115.0,980.0,1002.3963635175203,1020.3648489913728,1083.2605256530292
847,-38.0,-47.0,-262.0,-3203.7000000000003,-3203.761476554307,-3279.200137389006,-3286.1731042783704
848,-29.0,689.0,2494.0,25912.9,25892.50453561823,25994.066922072838,25811.7116819236
849,45.0,591.0,-66.0,1551.8999999999996,1551.9708863172807,1629.9387878904474,1452.3983970333854
850,-58.0,1066.0,1306.0,14899.800000000001,14907.72574261218,14950.987112428164,14691.865950612231
851,67.0,-807.0,657.0,5157.5,5158.525866352222,5180.838153824052,5159.141923823458
852,77.0,-814.0,-548.0,-6536.400000000001,-6550.656984394448,-6568.487488774981,-6429.690435789707
853,94.0,-579.0,-581.0,-5997.5,-5993.816804043542,-5906.811848603618,-6067.1964522099
854,92.0,-550.0,-470.0,-4858.2,-4866.8722130760925,-4838.575481631925,-4813.052757561669
855,31.0,921.0,-198.0,961.7000000000003,963.6611834379418,917.6879727383999,1135.3157924324587
856,109.0,-59.0,-475.0,-3353.7,-3347.5334841203016,-3400.839700019359,-3419.1346019768635
857,-56.0,467.0,-425.0,-3654.5,-3657.3611232275325,-3706.482643615783,-3754.161873339937
858,-79.0,-389.0,645.0,4212.1,4219.752355280428,4122.121708747177,4182.329129952296
859,10.0,-1547.0,-1622.0,-19938.5,-19954.264308010595,-20026.445871523847,-20010.032025164768
860,-65.0,1219.0,770.0,9966.300000000001,9966.59584542129,9963.246149733946,9784.408272720659
861,-242.0,-1612.0,1021.0,2410.6000000000004,2404.6369295228974,2430.6116767477793,2360.5858084867255
862,-70.0,-277.0,-8.0,-1764.3000000000002,-1762.6253906976883,-1757.0448465719437,-1804.8679109536067
863,186.0,-717.0,853.0,8915.900000000001,8933.49796871558,8901.23509210232,8916.65425979113
864,51.0,450.0,-276.0,-806.4000000000001,-807.208282889768,-801.5978540130388,-817.7872224969093
865,139.0,-200.0,1405.0,15091.600000000002,15094.777393726139,15066.36914952999,15105.39879412583
866,191.0,-372.0,1220.0,13511.0,13528.271922641481,13544.399551748947,13514.42119002299
867,-205.0,432.0,874.0,6984.6,6986.078113622649,6902.614051223078,6930.410050796783
868,-76.0,884.0,861.0,9806.2,9805.329981359238,9806.092824993377,9791.136589378579
869,27.0,173.0,-673.0,-5766.5,-5770.147410547151,-5742.240436493382,-5785.037966468629
870,32.0,-217.0,-1588.0,-15719.500000000002,-15694.978241388713,-15774.144746211932,-15616.456521981452
871,-78.0,-161.0,1224.0,10515.300000000001,10512.132648918978,10599.033604712855,10577.012190275711
872,32.0,344.0,-455.0,-3101.3999999999996,-3098.8302983101485,-3152.6311834022754,-3141.8549306894215
873,-53.0,-194.0,-1593.0,-16845.4,-16830.907429423267,-16915.927752900432,-16939.367202921563
874,116.0,591.0,635.0,9373.1,9392.538352907755,9367.676422162693,9247.971858913741
875,-58.0,-6.0,428.0,3401.0000000000005,3401.1543313129146,3374.9288598370526,3578.050651168942
876,37.0,778.0,505.0,7545.400000000001,7533.321263706446,7621.311375178926,7506.040538066847
877,135.0,51.0,839.0,10168.900000000001,10168.09649103219,10168.394423648955,9860.970393532645
878,34.0,121.0,-1604.0,-14936.900000000001,-14922.351094869218,-14775.268593023438,-15056.474538262988
879,2.0,-403.0,1111.0,9826.5,9838.080466454616,9738.5329823267,9887.623017121601
880,70.0,-615.0,-425.0,-4887.5,-4882.712624575747,-4892.0806659759,-4668.1717796402245
881,-49.0,619.0,1097.0,11765.300000000001,11747.152203200918,11757.269975861287,11737.39869597704
882,100.0,192.0,5.0,1907.4,1920.323010533941,1950.704160851798,2079.371408578311
883,29.0,354.0,-449.0,-3055.8000000000006,-3052.569487112241,-3067.267391363654,-2894.285816055545
884,-152.0,345.0,-176.0,-2830.1,-2854.844235322693,-2798.552517309098,-2867.3365114949747
885,15.0,850.0,-673.0,-4099.400000000001,-4084.9735010738577,-4120.579215189536,-4188.515771773096
886,-23.0,364.0,3274.0,32759.8,32758.078944999448,32747.34927491231,32849.31022635117
887,172.0,1280.0,684.0,12464.0,12453.52417001929,12540.539842451124,12431.42669253042
888,-99.0,-323.0,-1076.0,-12743.500000000002,-12725.91566166084,-12640.940917129066,-12700.588382100566
889,73.0,46.0,1273.0,13577.800000000001,13582.993082389572,13469.2347379178,13663.98234887639
890,118.0,-481.0,-43.0,-138.90000000000003,-134.85672657878277,-65.79157841962467,-275.35900893778336
891,71.0,168.0,1608.0,17163.4,17141.48402536562,17113.031729031827,17037.135563387143
892,35.0,438.0,-100.0,671.6,670.0637416787115,669.1484984916505,593.7382002251403
893,7.0,-234.0,1501.0,14171.800000000001,14172.180504229076,14211.426223567505,14260.68586237776
894,-23.0,78.0,-115.0,-1224.6,-1229.7321400425296,-1150.7397355357762,-1355.656662790152
895,-194.0,1011.0,-443.0,-4211.3,-4217.767866313492,-4302.901512829111,-4118.848024837833
896,19.0,386.0,901.0,10126.6,10128.092658301577,10145.202906056973,10051.379617816525
897,-91.0,-313.0,-510.0,-7062.5,-7064.172973866582,-7115.099366740079,-7128.3314147634055
898,100.0,-763.0,783.0,6953.300000000001,6951.865526016996,6950.38218963827,7165.882753542208
899,-108.0,-471.0,-325.0,-5903.900000000001,-5892.201760232519,-5888.845761724291,-5904.459925667354
900,73.0,-355.0,164.0,1626.9,1640.4161177612264,1685.6391852921784,1548.335671310705
901,284.0,630.0,-725.0,-1598.4000000000005,-1614.038800613473,-1593.7007209594988,-1475.8819617659485
902,197.0,185.0,-817.0,-4867.3,-4868.334397198743,-4833.416723481114,-4830.429936852219
903,111.0,43.0,-584.0,-4119.700000000001,-4111.151478036732,-4136.820516132426,-4378.623096099529
904,-147.0,-421.0,-734.0,-10299.7,-10305.958070121418,-10237.305837661484,-10430.710083546079
905,-74.0,512.0,-442.0,-3940.8,-3942.9783536338887,-3861.2751040760822,-4136.931941595131
906,38.0,-8.0,191.0,2359.4,2348.637862486094,2388.8373072875625,2225.959753416548
907,-81.0,-56.0,107.0,-188.0,-172.9150947732207,-135.83292689277192,-207.27065143562476
908,-95.0,134.0,-1690.0,-17473.2,-17463.57885976712,-17440.336802141985,-17449.57883195319
909,-65.0,-694.0,463.0,1792.6000000000004,1794.9365178071375,1748.2602390258069,1821.6679723104726
910,-162.0,-617.0,527.0,1327.9,1345.2879964742986,1340.143729080414,1373.2885895060654
911,108.0,604.0,-1029.0,-7006.200000000001,-6996.0934757579025,-6965.387780026282,-6878.398937644962
912,10.0,297.0,414.0,4993.1,5002.914279291155,5027.124457073413,5018.290755250526
913,212.0,799.0,344.0,8369.300000000001,8367.708377969271,8385.180092431194,8393.553251792606
914,19.0,-377.0,36.0,-410.50000000000006,-401.3305214802859,-408.7191553741597,-409.2552432409331
915,89.0,50.0,1592.0,16929.2,16935.15343763169,16876.284532845108,16943.599849227692
916,-89.0,-465.0,596.0,3392.7,3388.35351055602,3351.726415760123,3380.854929405009
917,46.0,-1014.0,-376.0,-5806.200000000001,-5793.038430567573,-5800.704917646743,-5690.786143955273
918,-224.0,-1306.0,774.0,1057.4000000000005,1051.4928220626325,1034.551078874594,1058.439262617386
919,7.0,306.0,1103.0,11729.400000000001,11720.159269733516,11699.526842540172,11663.435626421162
920,-8.0,-607.0,1552.0,13463.5,13461.353590952696,13435.740417357993,13523.211095414366
921,89.0,-164.0,839.0,8972.0,8957.540552026798,9039.411461329719,8907.40848195302
922,135.0,351.0,-1396.0,-10924.100000000002,-10928.393143527082,-10943.955081600085,-10939.144928456226
923,192.0,-531.0,1056.0,11487.900000000001,11495.184593277905,11512.816663169042,11375.204893492413
924,24.0,-953.0,1091.0,8440.300000000001,8443.3575815667,8473.814935157867,8445.65926285688
925,23.0,-265.0,-1391.0,-14039.1,-14053.462733530161,-13915.886766631516,-13806.298390043385
926,-126.0,644.0,-903.0,-8799.000000000002,-8800.16774856053,-8689.13984084396,-8766.680405517216
927,-106.0,1148.0,-767.0,-5837.4,-5827.212773632157,-5847.6958329112995,-5793.81428520846
928,-179.0,881.0,624.0,6095.300000000001,6084.276592160166,6171.010478298522,6114.271725169209
929,-111.0,826.0,326.0,3937.6000000000004,3942.201054576595,4040.614971907911,4016.149079470753
930,-54.0,228.0,703.0,6781.400000000001,6761.556669761856,6779.262159734168,6658.088507847036
931,-49.0,965.0,510.0,6946.9,6945.288509701941,6861.6370449992355,6836.491522614275
932,-8.0,218.0,-73.0,-234.00000000000006,-230.4501199112872,-184.1922266209144,-250.46243558756615
933,-26.0,19.0,153.0,1202.3000000000002,1200.518163710143,1235.0892414492428,1222.1216303704277
934,-28.0,714.0,1830.0,19486.6,19481.529034175022,19447.70788536434,19501.288583135163
935,-50.0,-1468.0,-370.0,-8259.6,-8261.86117896863,-8266.39215782758,-8131.545535460254
936,-114.0,-59.0,-253.0,-4166.3,-4179.85729317612,-4204.097451896329,-4160.712455400083
937,-130.0,703.0,65.0,793.1000000000001,785.3686074797289,853.2096181207389,708.336093033314
938,62.0,-270.0,329.0,3326.0000000000005,3329.170075134295,3301.1775341374373,3336.2274339133687
939,15.0,490.0,-525.0,-3621.0,-3608.933561565546,-3654.8097719460898,-3599.415830533376
940,-73.0,375.0,370.0,3660.3000000000006,3651.943054322931,3681.007597182378,3714.6537259178144
941,-70.0,-719.0,-1869.0,-21195.5,-21201.280033968975,-21159.91583870745,-21117.08899200819
942,45.0,1169.0,-1279.0,-8774.900000000001,-8762.795907579299,-8833.539087095316,-8753.991280352284
943,-35.0,604.0,22.0,1377.4,1383.0998969263794,1413.6434596985346,1499.1199011290448
944,-58.0,-642.0,141.0,-1128.8000000000002,-1136.2760432855778,-1126.5462613310358,-1321.879111552891
945,-90.0,99.0,-299.0,-3868.9000000000005,-3852.9808257947643,-3882.4823448982097,-3931.5182285031337
946,-105.0,-127.0,1255.0,10549.1,10566.37674659379,10559.39781514458,10541.570935997886
947,-86.0,1310.0,-2209.0,-19263.6,-19251.528161455135,-19300.039286684598,-19520.671988800437
948,-64.0,-859.0,-194.0,-5078.1,-5062.804257624956,-5120.325866606289,-5004.955151096644
949,-87.0,-0.0,-1050.0,-11455.8,-11472.752610134032,-11427.251659585047,-11552.102483962453
950,-34.0,-134.0,1231.0,11246.400000000001,11248.93257020447,11341.487550890088,11303.284000746198
951,-95.0,304.0,-360.0,-3980.2000000000003,-3980.9973503713754,-4050.599902046566,-4083.2794683891566
952,-80.0,71.0,-106.0,-1919.1000000000001,-1916.3694128051113,-2004.2280788515625,-2035.3049466037041
953,-133.0,-550.0,364.0,300.00000000000045,312.9005122407229,276.0116154873349,243.31948966824865
954,82.0,208.0,502.0,6580.0,6565.745757602585,6626.015529433471,6405.531860618605
955,242.0,-187.0,111.0,3825.7000000000003,3824.234983186731,3800.9631150748296,3787.476052167586
956,82.0,-460.0,840.0,8088.8,8079.226661743057,8112.982341543713,8053.097323588165
957,-113.0,-663.0,-353.0,-6763.700000000001,-6755.4970183418445,-6843.453645020658,-6516.280079565254
958,4.0,-524.0,-1958.0,-20549.600000000002,-20533.305688191565,-20550.983350123635,-20538.050577441772
959,-44.0,-414.0,494.0,3133.8000000000006,3136.772553282224,3166.603559982295,3065.9247233250917
960,157.0,-500.0,-1767.0,-16562.800000000003,-16553.62240492279,-16605.132493926365,-16571.68078067435
961,-32.0,-108.0,440.0,3591.6,3585.9914054837013,3652.426212915308,3705.121326064266
962,23.0,-232.0,-1301.0,-13068.000000000002,-13058.893871531493,-13146.951469647343,-13076.168500258376
963,-0.0,-186.0,709.0,6446.000000000001,6447.317795052969,6352.995456717877,6417.886851707963
964,-125.0,-605.0,1059.0,7069.700000000001,7084.527974513193,7044.723654467464,7061.164021448336
965,-5.0,317.0,472.0,5414.5,5422.904346797406,5432.1862089669585,5483.198834319184
966,-5.0,337.0,80.0,1626.9,1626.596358634173,1634.656616893187,1523.7130812542723
967,149.0,-136.0,-878.0,-6975.000000000002,-6978.100892057066,-7030.283462743914,-7072.781013539204
968,-26.0,179.0,-815.0,-7852.100000000001,-7844.790787557656,-7904.781356738187,-7955.399322537049
969,71.0,656.0,185.0,4535.6,4535.499773811207,4525.84945949104,4505.329697293537
970,45.0,591.0,2804.0,29677.9,29676.276525103156,29660.251113443494,29703.782995798894
971,-69.0,298.0,4.0,-80.8,-77.29125453326559,-97.2701414460358,-54.74777459307471
972,21.0,314.0,-308.0,-1889.2,-1893.1106036696256,-1830.621489856513,-1968.5242352695805
973,-72.0,-102.0,-282.0,-4003.8,-4003.423916151302,-3996.872866200522,-3991.8681455593683
974,16.0,-741.0,129.0,-522.0999999999999,-503.55212148918054,-573.3076999273376,-536.0131567934155
975,-4.0,-506.0,441.0,2902.0,2889.8376165002096,2913.6229132383824,2825.9080201107804
976,35.0,67.0,-240.0,-1702.1,-1710.446648089296,-1805.233077071308,-1777.5582047041737
977,5.0,140.0,-364.0,-3122.2000000000003,-3117.973348073006,-3086.5697145519416,-3178.3216648096154
978,-85.0,-234.0,-273.0,-4446.200000000001,-4441.481143471277,-4446.706918234067,-4184.67039002122
979,125.0,-292.0,311.0,3934.4,3933.6955191007883,3908.998299263963,3937.478255608572
980,10.0,588.0,-1142.0,-9470.0,-9467.206329321605,-9437.716156980816,-9588.456921325662
981,-272.0,764.0,486.0,3180.8,3195.481642532488,3134.021006454489,3215.7601831530355
982,107.0,-641.0,-27.0,-561.5000000000001,-571.2597213690516,-640.2053210313456,-561.8981130479357
983,-119.0,-809.0,794.0,4002.3,4007.3580028357824,4098.817760388052,3923.2845093162296
984,37.0,-747.0,-744.0,-8812.300000000001,-8819.581849695509,-8810.538122350988,-8787.153311428845
985,-61.0,712.0,1692.0,17686.600000000002,17679.57149196898,17661.16925571055,17878.119592257535
986,80.0,-469.0,-273.0,-2869.7000000000003,-2874.7763514687363,-2828.305689317763,-2921.9562549139123
987,127.0,-1068.0,349.0,2238.3999999999996,2224.653779265206,2166.017269439764,2285.6286903108535
988,-3.0,-1665.0,-43.0,-4957.099999999999,-4975.289793068741,-4968.603978886582,-4934.246080022111
989,-19.0,-1457.0,-637.0,-10431.1,-10441.309144543271,-10510.212978038659,-10440.747198539186
990,-62.0,-421.0,-234.0,-4260.700000000001,-4238.932902790171,-4263.374550530294,-4208.470741602732
991,21.0,140.0,-172.0,-1026.2,-1012.8202366634724,-1080.5643159499677,-1060.5171386213524
992,113.0,-152.0,-876.0,-7481.000000000001,-7460.672887812855,-7473.921052976649,-7274.299607562396
993,-37.0,-741.0,-498.0,-7376.900000000001,-7383.180562329863,-7406.536024284587,-7557.57407068408
994,121.0,294.0,-282.0,-348.4000000000001,-345.73787826874496,-386.031258999085,-365.0380318228898
995,5.0,660.0,-476.0,-2815.8,-2802.3469126886052,-2779.229035043756,-2729.473675843352
996,-56.0,-532.0,1379.0,11327.400000000001,11311.842216253373,11279.989088650651,11165.393632403799
997,110.0,-136.0,352.0,4556.400000000001,4570.031237438094,4509.832411349454,4585.245108268899
998,48.0,-324.0,-310.0,-3269.6,-3293.2469245035804,-3277.0917292931067,-3212.760358757007
999,-313.0,-673.0,-769.0,-13547.5,-13536.132250836738,-13600.933974277792,-13593.36042834901
