,x1,x2,x3,y,yn
0,-3.0,9.0,-27.0,-78.2,-171.84410313625892
1,13.0,169.0,2197.0,9131.400000000001,9318.30083047777
2,18.0,324.0,5832.0,23422.900000000005,23555.660959071425
3,15.0,225.0,3375.0,13796.2,13807.745811521156
4,24.0,576.0,13824.0,54340.299999999996,54270.29958415619
5,5.0,25.0,125.0,648.2,739.2381287983732
6,9.0,81.0,729.0,3209.7999999999997,3239.3050184461376
7,4.0,16.0,64.0,366.29999999999995,464.60239233246193
8,3.0,9.0,27.0,183.4,323.3161815013659
9,2.0,4.0,8.0,77.3,-39.935241910793266
10,-19.0,361.0,-6859.0,-23726.200000000004,-23693.152174238287
11,-4.0,16.0,-64.0,-189.70000000000005,-109.71321663763523
12,4.0,16.0,64.0,366.29999999999995,337.91963877452895
13,-5.0,25.0,-125.0,-379.8,-569.2884518097611
14,6.0,36.0,216.0,1051.3000000000002,1138.4535322722807
15,5.0,25.0,125.0,648.2,737.0634137483868
16,-15.0,225.0,-3375.0,-11487.8,-11437.817280961333
17,-0.0,0.0,-0.0,6.7,126.00272000224697
18,-3.0,9.0,-27.0,-78.2,-297.7638371503266
19,-1.0,1.0,-1.0,-2.200000000000002,-98.21256407502793
20,-11.0,121.0,-1331.0,-4414.200000000001,-4375.88840443094
21,2.0,4.0,8.0,77.3,53.60564111481774
22,-7.0,49.0,-343.0,-1084.6000000000001,-1145.5271978295987
23,7.0,49.0,343.0,1597.8,1485.0231261178844
24,13.0,169.0,2197.0,9131.400000000001,9033.256425414167
25,-6.0,36.0,-216.0,-670.6999999999999,-797.6499245064597
26,-22.0,484.0,-10648.0,-37149.1,-37026.653251467105
27,8.0,64.0,512.0,2309.9,2196.77998600421
28,12.0,144.0,1728.0,7258.3,7179.347296744781
29,-0.0,0.0,-0.0,6.7,-30.59633952462448
30,4.0,16.0,64.0,366.29999999999995,429.0993528724382
31,-12.0,144.0,-1728.0,-5776.100000000001,-5905.238453963232
32,-7.0,49.0,-343.0,-1084.6000000000001,-1017.7727345685166
33,-4.0,16.0,-64.0,-189.70000000000005,65.64009442296947
34,-11.0,121.0,-1331.0,-4414.200000000001,-4551.834787541027
35,-16.0,256.0,-4096.0,-14007.699999999999,-14042.507503918414
36,2.0,4.0,8.0,77.3,306.581641711914
37,11.0,121.0,1331.0,5661.799999999999,5815.881582601276
38,-5.0,25.0,-125.0,-379.8,-247.43450855732843
39,-2.0,4.0,-8.0,-23.100000000000005,43.08578772230864
40,14.0,196.0,2744.0,11303.300000000003,11350.48870152694
41,-0.0,0.0,-0.0,6.7,79.44645123287903
42,-11.0,121.0,-1331.0,-4414.200000000001,-4434.774901053061
43,-2.0,4.0,-8.0,-23.100000000000005,-22.186630672859415
44,14.0,196.0,2744.0,11303.300000000003,11451.891590523075
45,1.0,1.0,1.0,25.8,169.6841575805261
46,-0.0,0.0,-0.0,6.7,-47.50260422953558
47,-9.0,81.0,-729.0,-2370.2000000000003,-2360.232892909293
48,-10.0,100.0,-1000.0,-3286.3,-3214.4887114791422
49,-13.0,169.0,-2197.0,-7394.200000000001,-7486.805458153915
50,-8.0,64.0,-512.0,-1643.7,-1739.2909179686833
51,-21.0,441.0,-9261.0,-32226.200000000004,-32332.24998011783
52,-6.0,36.0,-216.0,-670.6999999999999,-454.6707221722619
53,-7.0,49.0,-343.0,-1084.6000000000001,-988.2790091310821
54,-14.0,196.0,-2744.0,-9290.7,-9226.072318242783
55,-14.0,196.0,-2744.0,-9290.7,-9328.978447377442
56,-4.0,16.0,-64.0,-189.70000000000005,-175.6363141698225
57,-2.0,4.0,-8.0,-23.100000000000005,-37.25237408612061
58,-0.0,0.0,-0.0,6.7,-127.59348934427602
59,-3.0,9.0,-27.0,-78.2,-60.154940451931935
60,-5.0,25.0,-125.0,-379.8,-533.9470484375112
61,-1.0,1.0,-1.0,-2.200000000000002,36.85489511397152
62,2.0,4.0,8.0,77.3,161.10031588564794
63,-11.0,121.0,-1331.0,-4414.200000000001,-4247.487771475067
64,-1.0,1.0,-1.0,-2.200000000000002,-53.70459130941343
65,-5.0,25.0,-125.0,-379.8,-406.6953655531974
66,-9.0,81.0,-729.0,-2370.2000000000003,-2263.3436762232177
67,12.0,144.0,1728.0,7258.3,7204.612094858454
68,11.0,121.0,1331.0,5661.799999999999,5609.999557774808
69,20.0,400.0,8000.0,31852.7,31710.998411918517
70,10.0,100.0,1000.0,4319.7,4216.86501758492
71,-5.0,25.0,-125.0,-379.8,-366.6206156578321
72,-10.0,100.0,-1000.0,-3286.3,-3267.5601413329873
73,16.0,256.0,4096.0,16632.3,16658.18623940238
74,1.0,1.0,1.0,25.8,-176.5572363992522
75,9.0,81.0,729.0,3209.7999999999997,3400.1943280865216
76,5.0,25.0,125.0,648.2,626.0221272177649
77,15.0,225.0,3375.0,13796.2,13840.895437192628
78,-13.0,169.0,-2197.0,-7394.200000000001,-7438.508055625823
79,9.0,81.0,729.0,3209.7999999999997,3420.101309294405
80,-10.0,100.0,-1000.0,-3286.3,-3320.8723123397967
81,-4.0,16.0,-64.0,-189.70000000000005,-66.06610664084316
82,-1.0,1.0,-1.0,-2.200000000000002,167.91600701250178
83,5.0,25.0,125.0,648.2,675.7443910243179
84,10.0,100.0,1000.0,4319.7,4410.176640250731
85,9.0,81.0,729.0,3209.7999999999997,3070.84492041691
86,3.0,9.0,27.0,183.4,373.54265522530045
87,2.0,4.0,8.0,77.3,22.694249982603168
88,3.0,9.0,27.0,183.4,148.3632662688106
89,-12.0,144.0,-1728.0,-5776.100000000001,-5826.981094772226
90,-5.0,25.0,-125.0,-379.8,-271.5206937836496
91,-7.0,49.0,-343.0,-1084.6000000000001,-1301.946475198741
92,-5.0,25.0,-125.0,-379.8,-298.5685819448108
93,-2.0,4.0,-8.0,-23.100000000000005,141.69023649030788
94,13.0,169.0,2197.0,9131.400000000001,9101.37855037903
95,1.0,1.0,1.0,25.8,134.09244718628793
96,14.0,196.0,2744.0,11303.300000000003,11140.705090234083
97,1.0,1.0,1.0,25.8,-89.50804857386812
98,-1.0,1.0,-1.0,-2.200000000000002,-13.178543746269593
99,-12.0,144.0,-1728.0,-5776.100000000001,-5660.264495746287
100,3.0,9.0,27.0,183.4,197.194548256446
101,-11.0,121.0,-1331.0,-4414.200000000001,-4260.045170867103
102,18.0,324.0,5832.0,23422.900000000005,23260.605753214924
103,17.0,289.0,4913.0,19833.800000000003,19893.181254983734
104,-17.0,289.0,-4913.0,-16872.6,-16934.13783234387
105,-2.0,4.0,-8.0,-23.100000000000005,-84.81252997831544
106,7.0,49.0,343.0,1597.8,1553.9159413963644
107,-6.0,36.0,-216.0,-670.6999999999999,-733.8984264522016
108,-11.0,121.0,-1331.0,-4414.200000000001,-4501.404518901087
109,3.0,9.0,27.0,183.4,81.67991480760956
110,7.0,49.0,343.0,1597.8,1435.3603607963817
111,-9.0,81.0,-729.0,-2370.2000000000003,-2499.130868766371
112,-16.0,256.0,-4096.0,-14007.699999999999,-14140.470676725763
113,-8.0,64.0,-512.0,-1643.7,-1662.1879239361667
114,-3.0,9.0,-27.0,-78.2,-13.84209584994133
115,2.0,4.0,8.0,77.3,103.7722607430885
116,-0.0,0.0,-0.0,6.7,70.87861358443398
117,-5.0,25.0,-125.0,-379.8,-338.13511533948576
118,2.0,4.0,8.0,77.3,67.21013350870692
119,6.0,36.0,216.0,1051.3000000000002,1064.9570505754311
120,9.0,81.0,729.0,3209.7999999999997,3123.2365354064177
121,26.0,676.0,17576.0,68753.3,68766.09819456752
122,2.0,4.0,8.0,77.3,-2.6689564884927393
123,-9.0,81.0,-729.0,-2370.2000000000003,-2346.413516630234
124,14.0,196.0,2744.0,11303.300000000003,11335.681166914428
125,-26.0,676.0,-17576.0,-61844.70000000001,-61776.761866492394
126,7.0,49.0,343.0,1597.8,1519.3125372247416
127,3.0,9.0,27.0,183.4,174.3192747601887
128,-5.0,25.0,-125.0,-379.8,-287.9706017117238
129,-9.0,81.0,-729.0,-2370.2000000000003,-2470.922223885641
130,-4.0,16.0,-64.0,-189.70000000000005,-117.83014173096112
131,-19.0,361.0,-6859.0,-23726.200000000004,-23783.03158252655
132,19.0,361.0,6859.0,27421.800000000003,27511.726936374376
133,-3.0,9.0,-27.0,-78.2,25.902065388332502
134,-13.0,169.0,-2197.0,-7394.200000000001,-7333.938487570277
135,-21.0,441.0,-9261.0,-32226.200000000004,-32329.13701126753
136,-17.0,289.0,-4913.0,-16872.6,-17093.172183713585
137,-8.0,64.0,-512.0,-1643.7,-1679.8290500254548
138,-5.0,25.0,-125.0,-379.8,-362.20060858648174
139,11.0,121.0,1331.0,5661.799999999999,5664.326982486978
140,22.0,484.0,10648.0,42099.299999999996,41840.54290154271
141,-13.0,169.0,-2197.0,-7394.200000000001,-7348.347672751462
142,15.0,225.0,3375.0,13796.2,13884.521290615594
143,-11.0,121.0,-1331.0,-4414.200000000001,-4523.83182260025
144,-5.0,25.0,-125.0,-379.8,-389.59843312074025
145,20.0,400.0,8000.0,31852.7,31661.824075330478
146,13.0,169.0,2197.0,9131.400000000001,9057.598680815081
147,-7.0,49.0,-343.0,-1084.6000000000001,-919.943763629758
148,6.0,36.0,216.0,1051.3000000000002,1162.9614883319023
149,-13.0,169.0,-2197.0,-7394.200000000001,-7339.54822165654
150,10.0,100.0,1000.0,4319.7,4199.142988991909
151,9.0,81.0,729.0,3209.7999999999997,3073.008573775102
152,-10.0,100.0,-1000.0,-3286.3,-3332.5085639978925
153,2.0,4.0,8.0,77.3,197.3430619790997
154,-5.0,25.0,-125.0,-379.8,-397.66281998300656
155,4.0,16.0,64.0,366.29999999999995,499.1230373665662
156,13.0,169.0,2197.0,9131.400000000001,9245.941070125209
157,-7.0,49.0,-343.0,-1084.6000000000001,-1097.2153946048256
158,-6.0,36.0,-216.0,-670.6999999999999,-790.9441480588608
159,9.0,81.0,729.0,3209.7999999999997,3138.639116979597
160,1.0,1.0,1.0,25.8,-64.6967988722445
161,11.0,121.0,1331.0,5661.799999999999,5764.38222708043
162,-4.0,16.0,-64.0,-189.70000000000005,32.99442870920436
163,-12.0,144.0,-1728.0,-5776.100000000001,-5756.332299040879
164,10.0,100.0,1000.0,4319.7,4263.857773767058
165,19.0,361.0,6859.0,27421.800000000003,27588.849543489385
166,19.0,361.0,6859.0,27421.800000000003,27467.69919937217
167,-16.0,256.0,-4096.0,-14007.699999999999,-14067.793651079688
168,-19.0,361.0,-6859.0,-23726.200000000004,-23623.748896861212
169,4.0,16.0,64.0,366.29999999999995,254.19743791804882
170,12.0,144.0,1728.0,7258.3,7194.946352957358
171,-5.0,25.0,-125.0,-379.8,-239.8249648258493
172,3.0,9.0,27.0,183.4,175.60062754359973
173,8.0,64.0,512.0,2309.9,2202.228115832814
174,6.0,36.0,216.0,1051.3000000000002,1007.9287363434343
175,-3.0,9.0,-27.0,-78.2,-146.91096522501886
176,-8.0,64.0,-512.0,-1643.7,-1660.8335059059923
177,-10.0,100.0,-1000.0,-3286.3,-3372.6674698853008
178,9.0,81.0,729.0,3209.7999999999997,3234.8715803969744
179,-3.0,9.0,-27.0,-78.2,-28.900383853049902
180,2.0,4.0,8.0,77.3,81.74190547457302
181,-7.0,49.0,-343.0,-1084.6000000000001,-1061.0679256840779
182,-11.0,121.0,-1331.0,-4414.200000000001,-4416.28355350999
183,-3.0,9.0,-27.0,-78.2,-78.75730541706865
184,5.0,25.0,125.0,648.2,826.3479053360905
185,-15.0,225.0,-3375.0,-11487.8,-11550.876150721959
186,-4.0,16.0,-64.0,-189.70000000000005,-213.844635360816
187,13.0,169.0,2197.0,9131.400000000001,9351.004155123625
188,-4.0,16.0,-64.0,-189.70000000000005,-209.71970178661684
189,-8.0,64.0,-512.0,-1643.7,-1778.6231480725903
190,1.0,1.0,1.0,25.8,-64.27669486331247
191,3.0,9.0,27.0,183.4,289.67284862475367
192,2.0,4.0,8.0,77.3,148.19580563861018
193,-0.0,0.0,-0.0,6.7,-121.68478544553189
194,-1.0,1.0,-1.0,-2.200000000000002,-22.597601682106347
195,-2.0,4.0,-8.0,-23.100000000000005,-9.861646009513526
196,1.0,1.0,1.0,25.8,-34.28498523916201
197,-5.0,25.0,-125.0,-379.8,-410.36919219101986
198,4.0,16.0,64.0,366.29999999999995,422.43520311791474
199,-9.0,81.0,-729.0,-2370.2000000000003,-2338.5454229115403
200,-13.0,169.0,-2197.0,-7394.200000000001,-7194.2947468261555
201,-11.0,121.0,-1331.0,-4414.200000000001,-4656.5768152967175
202,6.0,36.0,216.0,1051.3000000000002,1056.356717922413
203,3.0,9.0,27.0,183.4,88.87241582937766
204,-11.0,121.0,-1331.0,-4414.200000000001,-4483.446842859383
205,2.0,4.0,8.0,77.3,55.703377215520604
206,5.0,25.0,125.0,648.2,590.4669872577941
207,1.0,1.0,1.0,25.8,39.824065365390815
208,-11.0,121.0,-1331.0,-4414.200000000001,-4405.3012914778055
209,-3.0,9.0,-27.0,-78.2,44.43705340309394
210,15.0,225.0,3375.0,13796.2,13757.94175483041
211,15.0,225.0,3375.0,13796.2,13809.05286330287
212,-5.0,25.0,-125.0,-379.8,-508.503275409315
213,16.0,256.0,4096.0,16632.3,16467.108135255723
214,14.0,196.0,2744.0,11303.300000000003,11293.149699663882
215,16.0,256.0,4096.0,16632.3,16523.473586831118
216,-2.0,4.0,-8.0,-23.100000000000005,29.703265320837087
217,-1.0,1.0,-1.0,-2.200000000000002,-16.210453601578322
218,32.0,1024.0,32768.0,126800.3,126777.51645259542
219,-6.0,36.0,-216.0,-670.6999999999999,-698.9152307467343
220,13.0,169.0,2197.0,9131.400000000001,8978.110391764792
221,-27.0,729.0,-19683.0,-69380.60000000002,-69142.84885890708
222,18.0,324.0,5832.0,23422.900000000005,23530.472484686776
223,-8.0,64.0,-512.0,-1643.7,-1588.6619127785486
224,-6.0,36.0,-216.0,-670.6999999999999,-519.504555937672
225,-9.0,81.0,-729.0,-2370.2000000000003,-2469.2415939838925
226,-13.0,169.0,-2197.0,-7394.200000000001,-7236.559633941373
227,15.0,225.0,3375.0,13796.2,13720.309857007509
228,-11.0,121.0,-1331.0,-4414.200000000001,-4450.971441543181
229,4.0,16.0,64.0,366.29999999999995,490.8921004991184
230,-10.0,100.0,-1000.0,-3286.3,-3280.278533784591
231,-2.0,4.0,-8.0,-23.100000000000005,-160.57667757734524
232,1.0,1.0,1.0,25.8,33.52120393551779
233,-12.0,144.0,-1728.0,-5776.100000000001,-5869.562844103492
234,5.0,25.0,125.0,648.2,666.612545120176
235,-5.0,25.0,-125.0,-379.8,-346.7391335062325
236,18.0,324.0,5832.0,23422.900000000005,23370.053542494923
237,-14.0,196.0,-2744.0,-9290.7,-9404.105480269043
238,-16.0,256.0,-4096.0,-14007.699999999999,-14104.01816913919
239,10.0,100.0,1000.0,4319.7,4395.611395529763
240,-15.0,225.0,-3375.0,-11487.8,-11359.346371158483
241,9.0,81.0,729.0,3209.7999999999997,3277.020128807163
242,13.0,169.0,2197.0,9131.400000000001,8964.466959781015
243,5.0,25.0,125.0,648.2,672.0824811863407
244,-4.0,16.0,-64.0,-189.70000000000005,-232.36758952933764
245,-2.0,4.0,-8.0,-23.100000000000005,-46.14367770599886
246,5.0,25.0,125.0,648.2,637.9171382804692
247,-2.0,4.0,-8.0,-23.100000000000005,-57.05937119911542
248,-7.0,49.0,-343.0,-1084.6000000000001,-1164.4719682221032
249,-8.0,64.0,-512.0,-1643.7,-1777.4150121310374
250,17.0,289.0,4913.0,19833.800000000003,19932.78037157904
251,-7.0,49.0,-343.0,-1084.6000000000001,-960.274065921265
252,-11.0,121.0,-1331.0,-4414.200000000001,-4315.322844179179
253,-9.0,81.0,-729.0,-2370.2000000000003,-2382.0746380205965
254,-23.0,529.0,-12167.0,-42550.200000000004,-42703.241923219546
255,-6.0,36.0,-216.0,-670.6999999999999,-649.0467211217053
256,-2.0,4.0,-8.0,-23.100000000000005,-89.67847429964515
257,-4.0,16.0,-64.0,-189.70000000000005,-237.2152568365571
258,-2.0,4.0,-8.0,-23.100000000000005,-57.871816554545504
259,7.0,49.0,343.0,1597.8,1503.7135791920916
260,-8.0,64.0,-512.0,-1643.7,-1634.9495913783571
261,3.0,9.0,27.0,183.4,215.11197319020667
262,15.0,225.0,3375.0,13796.2,13890.54714529169
263,3.0,9.0,27.0,183.4,44.43270140233108
264,-9.0,81.0,-729.0,-2370.2000000000003,-2409.635683818346
265,-14.0,196.0,-2744.0,-9290.7,-9466.391650142072
266,-10.0,100.0,-1000.0,-3286.3,-3388.0077286446367
267,20.0,400.0,8000.0,31852.7,31920.368733771516
268,10.0,100.0,1000.0,4319.7,4461.785179788962
269,9.0,81.0,729.0,3209.7999999999997,3292.9875472709214
270,-1.0,1.0,-1.0,-2.200000000000002,-46.74737646613218
271,7.0,49.0,343.0,1597.8,1572.9651552591226
272,17.0,289.0,4913.0,19833.800000000003,19748.41952052908
273,-8.0,64.0,-512.0,-1643.7,-1620.0940192170665
274,-1.0,1.0,-1.0,-2.200000000000002,-68.88202895890639
275,16.0,256.0,4096.0,16632.3,16618.066275988054
276,-5.0,25.0,-125.0,-379.8,-278.5097495195979
277,6.0,36.0,216.0,1051.3000000000002,1103.026903130721
278,7.0,49.0,343.0,1597.8,1535.608970999046
279,3.0,9.0,27.0,183.4,238.5794562332677
280,-16.0,256.0,-4096.0,-14007.699999999999,-14123.500966875547
281,-15.0,225.0,-3375.0,-11487.8,-11386.093585873596
282,-6.0,36.0,-216.0,-670.6999999999999,-555.6583483819193
283,16.0,256.0,4096.0,16632.3,16479.893035446108
284,-19.0,361.0,-6859.0,-23726.200000000004,-23588.627817953766
285,-5.0,25.0,-125.0,-379.8,-394.0167622549149
286,10.0,100.0,1000.0,4319.7,4261.374751075839
287,-7.0,49.0,-343.0,-1084.6000000000001,-1053.5755318230758
288,-2.0,4.0,-8.0,-23.100000000000005,-141.7034571261217
289,-0.0,0.0,-0.0,6.7,28.512275800728993
290,7.0,49.0,343.0,1597.8,1552.7796748528194
291,1.0,1.0,1.0,25.8,9.082228559657786
292,-15.0,225.0,-3375.0,-11487.8,-11536.524351221748
293,7.0,49.0,343.0,1597.8,1606.979641787291
294,-13.0,169.0,-2197.0,-7394.200000000001,-7362.283699035749
295,14.0,196.0,2744.0,11303.300000000003,11341.205444154008
296,13.0,169.0,2197.0,9131.400000000001,9238.818801508049
297,10.0,100.0,1000.0,4319.7,4232.604702831108
298,10.0,100.0,1000.0,4319.7,4356.827176654985
299,-3.0,9.0,-27.0,-78.2,-129.08650645172364
300,7.0,49.0,343.0,1597.8,1442.3334180517359
301,11.0,121.0,1331.0,5661.799999999999,5469.112605214408
302,-4.0,16.0,-64.0,-189.70000000000005,-308.7317563073229
303,-16.0,256.0,-4096.0,-14007.699999999999,-13986.435178219457
304,3.0,9.0,27.0,183.4,116.81393139586453
305,-3.0,9.0,-27.0,-78.2,-201.89585503944085
306,-11.0,121.0,-1331.0,-4414.200000000001,-4319.441242175856
307,-11.0,121.0,-1331.0,-4414.200000000001,-4344.379306938176
308,-8.0,64.0,-512.0,-1643.7,-1688.0305143764203
309,-9.0,81.0,-729.0,-2370.2000000000003,-2453.193176114202
310,2.0,4.0,8.0,77.3,3.695991527402981
311,4.0,16.0,64.0,366.29999999999995,486.7458751235327
312,19.0,361.0,6859.0,27421.800000000003,27390.246367493768
313,-2.0,4.0,-8.0,-23.100000000000005,1.030274593701865
314,6.0,36.0,216.0,1051.3000000000002,1065.9357021408186
315,-6.0,36.0,-216.0,-670.6999999999999,-519.7012724881529
316,7.0,49.0,343.0,1597.8,1705.984512683662
317,-12.0,144.0,-1728.0,-5776.100000000001,-5718.3688068439415
318,4.0,16.0,64.0,366.29999999999995,475.71501074686194
319,-8.0,64.0,-512.0,-1643.7,-1644.5186038797735
320,-18.0,324.0,-5832.0,-20104.7,-20051.10949255073
321,5.0,25.0,125.0,648.2,673.2927897305117
322,-5.0,25.0,-125.0,-379.8,-445.2443147527641
323,-3.0,9.0,-27.0,-78.2,-139.8242892293264
324,3.0,9.0,27.0,183.4,265.7419406289662
325,9.0,81.0,729.0,3209.7999999999997,2905.8140804272434
326,-12.0,144.0,-1728.0,-5776.100000000001,-5729.121461791201
327,-1.0,1.0,-1.0,-2.200000000000002,64.89901852676994
328,7.0,49.0,343.0,1597.8,1699.7748234155883
329,1.0,1.0,1.0,25.8,94.21844289069118
330,-7.0,49.0,-343.0,-1084.6000000000001,-916.7132552523508
331,-2.0,4.0,-8.0,-23.100000000000005,28.63843441837641
332,-0.0,0.0,-0.0,6.7,-1.573137160933947
333,12.0,144.0,1728.0,7258.3,7194.369544875704
334,4.0,16.0,64.0,366.29999999999995,558.9570846973295
335,-2.0,4.0,-8.0,-23.100000000000005,-170.06074200185685
336,-2.0,4.0,-8.0,-23.100000000000005,-48.21152152524009
337,21.0,441.0,9261.0,36737.8,36692.10842434005
338,7.0,49.0,343.0,1597.8,1638.9690677281546
339,-2.0,4.0,-8.0,-23.100000000000005,-120.7504797676672
340,-1.0,1.0,-1.0,-2.200000000000002,79.13676223991173
341,-7.0,49.0,-343.0,-1084.6000000000001,-1029.0863689542764
342,9.0,81.0,729.0,3209.7999999999997,3142.4697745812455
343,-10.0,100.0,-1000.0,-3286.3,-3190.41064750436
344,-2.0,4.0,-8.0,-23.100000000000005,-98.39450046722912
345,6.0,36.0,216.0,1051.3000000000002,993.6670582981122
346,-2.0,4.0,-8.0,-23.100000000000005,-5.1254486768386585
347,13.0,169.0,2197.0,9131.400000000001,9235.833396490525
348,8.0,64.0,512.0,2309.9,2532.9129642155594
349,14.0,196.0,2744.0,11303.300000000003,11146.70331032895
350,-6.0,36.0,-216.0,-670.6999999999999,-761.0625715757889
351,-1.0,1.0,-1.0,-2.200000000000002,-21.24997762264312
352,-19.0,361.0,-6859.0,-23726.200000000004,-23866.461461530307
353,-7.0,49.0,-343.0,-1084.6000000000001,-1106.8651847881388
354,-3.0,9.0,-27.0,-78.2,141.69895900715954
355,-11.0,121.0,-1331.0,-4414.200000000001,-4294.312256135974
356,1.0,1.0,1.0,25.8,25.614647399919885
357,4.0,16.0,64.0,366.29999999999995,369.87752955352886
358,13.0,169.0,2197.0,9131.400000000001,9126.29977560384
359,-7.0,49.0,-343.0,-1084.6000000000001,-1000.180041523579
360,-8.0,64.0,-512.0,-1643.7,-1726.6514224746713
361,-6.0,36.0,-216.0,-670.6999999999999,-706.6949981497467
362,13.0,169.0,2197.0,9131.400000000001,9101.07484780573
363,6.0,36.0,216.0,1051.3000000000002,1297.027554565137
364,2.0,4.0,8.0,77.3,173.3372286742694
365,-2.0,4.0,-8.0,-23.100000000000005,-42.61838064493615
366,-8.0,64.0,-512.0,-1643.7,-1586.4155882121183
367,-3.0,9.0,-27.0,-78.2,-176.8459566567109
368,4.0,16.0,64.0,366.29999999999995,308.8397166159681
369,-12.0,144.0,-1728.0,-5776.100000000001,-5714.253134115902
370,-20.0,400.0,-8000.0,-27759.3,-27610.131709867866
371,2.0,4.0,8.0,77.3,221.65066824080031
372,6.0,36.0,216.0,1051.3000000000002,1042.4259088302683
373,4.0,16.0,64.0,366.29999999999995,171.85895220279428
374,12.0,144.0,1728.0,7258.3,7375.354401246421
375,-15.0,225.0,-3375.0,-11487.8,-11475.157098719765
376,-23.0,529.0,-12167.0,-42550.200000000004,-42415.89798320893
377,-2.0,4.0,-8.0,-23.100000000000005,-40.384945307143866
378,2.0,4.0,8.0,77.3,6.521664299413601
379,-2.0,4.0,-8.0,-23.100000000000005,159.94457120306717
380,-5.0,25.0,-125.0,-379.8,-399.42488433899683
381,5.0,25.0,125.0,648.2,566.2883871003734
382,10.0,100.0,1000.0,4319.7,4160.412591406374
383,2.0,4.0,8.0,77.3,89.65947216351606
384,1.0,1.0,1.0,25.8,57.433193711885764
385,-5.0,25.0,-125.0,-379.8,-388.19790119115
386,7.0,49.0,343.0,1597.8,1670.9380440136513
387,7.0,49.0,343.0,1597.8,1558.4954220160146
388,-4.0,16.0,-64.0,-189.70000000000005,-244.3284078779595
389,15.0,225.0,3375.0,13796.2,13895.76166122292
390,7.0,49.0,343.0,1597.8,1725.9745190905373
391,11.0,121.0,1331.0,5661.799999999999,5638.090054971874
392,11.0,121.0,1331.0,5661.799999999999,5754.138309770788
393,2.0,4.0,8.0,77.3,-83.99716207884315
394,-12.0,144.0,-1728.0,-5776.100000000001,-5744.918772096815
395,-1.0,1.0,-1.0,-2.200000000000002,156.71295840827844
396,31.0,961.0,29791.0,115453.80000000002,115556.50972438758
397,4.0,16.0,64.0,366.29999999999995,394.6950212663856
398,4.0,16.0,64.0,366.29999999999995,275.6982434265516
399,22.0,484.0,10648.0,42099.299999999996,42052.54265065201
400,17.0,289.0,4913.0,19833.800000000003,19919.156811620956
401,-14.0,196.0,-2744.0,-9290.7,-9256.523620792865
402,22.0,484.0,10648.0,42099.299999999996,42152.05342237448
403,-4.0,16.0,-64.0,-189.70000000000005,-66.25830275284417
404,-17.0,289.0,-4913.0,-16872.6,-16895.698766996637
405,-13.0,169.0,-2197.0,-7394.200000000001,-7218.636865011467
406,22.0,484.0,10648.0,42099.299999999996,42249.60318122611
407,5.0,25.0,125.0,648.2,506.4734483610202
408,-15.0,225.0,-3375.0,-11487.8,-11385.767797855638
409,-3.0,9.0,-27.0,-78.2,51.307672177549435
410,-0.0,0.0,-0.0,6.7,126.31226514083816
411,-6.0,36.0,-216.0,-670.6999999999999,-496.1198334616405
412,-9.0,81.0,-729.0,-2370.2000000000003,-2437.3867543178917
413,9.0,81.0,729.0,3209.7999999999997,3253.5365117130304
414,-9.0,81.0,-729.0,-2370.2000000000003,-2349.0987607650063
415,8.0,64.0,512.0,2309.9,2376.2778035980045
416,9.0,81.0,729.0,3209.7999999999997,3214.1171969203915
417,-9.0,81.0,-729.0,-2370.2000000000003,-2422.5130135711406
418,-3.0,9.0,-27.0,-78.2,46.73402785630172
419,-6.0,36.0,-216.0,-670.6999999999999,-815.7080542213986
420,13.0,169.0,2197.0,9131.400000000001,9166.308886977564
421,-9.0,81.0,-729.0,-2370.2000000000003,-2562.5768601015675
422,-9.0,81.0,-729.0,-2370.2000000000003,-2317.547644851381
423,-12.0,144.0,-1728.0,-5776.100000000001,-5802.636985559034
424,-6.0,36.0,-216.0,-670.6999999999999,-731.3090586444783
425,1.0,1.0,1.0,25.8,59.7768130546644
426,-0.0,0.0,-0.0,6.7,-41.73938536765237
427,5.0,25.0,125.0,648.2,662.2552154438888
428,6.0,36.0,216.0,1051.3000000000002,980.7087520622789
429,-14.0,196.0,-2744.0,-9290.7,-9237.308634443032
430,-0.0,0.0,-0.0,6.7,-66.99049964957874
431,-9.0,81.0,-729.0,-2370.2000000000003,-2160.3676828860207
432,14.0,196.0,2744.0,11303.300000000003,11327.903543942804
433,-3.0,9.0,-27.0,-78.2,-165.73331643475632
434,-4.0,16.0,-64.0,-189.70000000000005,-241.41098951183525
435,-0.0,0.0,-0.0,6.7,22.567294824208172
436,12.0,144.0,1728.0,7258.3,7309.096392058728
437,3.0,9.0,27.0,183.4,411.46497995094524
438,8.0,64.0,512.0,2309.9,2343.140099140969
439,-15.0,225.0,-3375.0,-11487.8,-11424.452384490804
440,-6.0,36.0,-216.0,-670.6999999999999,-606.4134143725558
441,8.0,64.0,512.0,2309.9,2493.0116518409
442,-14.0,196.0,-2744.0,-9290.7,-9338.673210506493
443,-1.0,1.0,-1.0,-2.200000000000002,20.599575197359297
444,2.0,4.0,8.0,77.3,152.33813172231214
445,7.0,49.0,343.0,1597.8,1717.8957837180262
446,-2.0,4.0,-8.0,-23.100000000000005,-19.59524338534982
447,5.0,25.0,125.0,648.2,665.5015990737909
448,-13.0,169.0,-2197.0,-7394.200000000001,-7318.383329509209
449,-12.0,144.0,-1728.0,-5776.100000000001,-5694.023046858585
450,2.0,4.0,8.0,77.3,79.03299540034635
451,3.0,9.0,27.0,183.4,337.9070131794402
452,-4.0,16.0,-64.0,-189.70000000000005,-189.28695088955516
453,-23.0,529.0,-12167.0,-42550.200000000004,-42628.99972260648
454,-7.0,49.0,-343.0,-1084.6000000000001,-1203.2033731598556
455,-7.0,49.0,-343.0,-1084.6000000000001,-1230.7261615764605
456,5.0,25.0,125.0,648.2,609.0633425024628
457,13.0,169.0,2197.0,9131.400000000001,9017.62056522907
458,-16.0,256.0,-4096.0,-14007.699999999999,-14081.400030371786
459,-0.0,0.0,-0.0,6.7,-120.32903055800672
460,-2.0,4.0,-8.0,-23.100000000000005,164.13653821011334
461,16.0,256.0,4096.0,16632.3,16839.96911157709
462,17.0,289.0,4913.0,19833.800000000003,19958.529714149387
463,10.0,100.0,1000.0,4319.7,4461.571427690187
464,-13.0,169.0,-2197.0,-7394.200000000001,-7373.6015796703
465,-14.0,196.0,-2744.0,-9290.7,-9220.91157294806
466,7.0,49.0,343.0,1597.8,1578.3041557163763
467,5.0,25.0,125.0,648.2,823.7054518426653
468,7.0,49.0,343.0,1597.8,1588.3496828899094
469,5.0,25.0,125.0,648.2,784.1441667497566
470,19.0,361.0,6859.0,27421.800000000003,27234.11373949553
471,10.0,100.0,1000.0,4319.7,4533.366997367287
472,4.0,16.0,64.0,366.29999999999995,234.98369749405234
473,13.0,169.0,2197.0,9131.400000000001,9072.062226186934
474,17.0,289.0,4913.0,19833.800000000003,19777.894744719728
475,3.0,9.0,27.0,183.4,394.5907219848708
476,3.0,9.0,27.0,183.4,258.8297808650239
477,5.0,25.0,125.0,648.2,541.7885038322602
478,-1.0,1.0,-1.0,-2.200000000000002,-87.8596629419567
479,6.0,36.0,216.0,1051.3000000000002,1248.431367442964
480,-6.0,36.0,-216.0,-670.6999999999999,-698.2361114437272
481,-8.0,64.0,-512.0,-1643.7,-1587.1086748269204
482,-5.0,25.0,-125.0,-379.8,-200.0678363416302
483,-6.0,36.0,-216.0,-670.6999999999999,-623.3711146587525
484,-1.0,1.0,-1.0,-2.200000000000002,130.2739334197581
485,1.0,1.0,1.0,25.8,70.1623940511641
486,8.0,64.0,512.0,2309.9,2313.3928383912935
487,16.0,256.0,4096.0,16632.3,16724.337058927937
488,-9.0,81.0,-729.0,-2370.2000000000003,-2317.1264297474013
489,3.0,9.0,27.0,183.4,101.87055629187486
490,-22.0,484.0,-10648.0,-37149.1,-37255.41647657702
491,1.0,1.0,1.0,25.8,80.2594822605131
492,9.0,81.0,729.0,3209.7999999999997,3427.051981941771
493,-4.0,16.0,-64.0,-189.70000000000005,-197.82245943625375
494,3.0,9.0,27.0,183.4,86.01308678454228
495,-3.0,9.0,-27.0,-78.2,26.360109182277668
496,-8.0,64.0,-512.0,-1643.7,-1689.8041038218305
497,3.0,9.0,27.0,183.4,161.06437607216145
498,22.0,484.0,10648.0,42099.299999999996,42092.869444335265
499,-1.0,1.0,-1.0,-2.200000000000002,140.63527180492733
500,6.0,36.0,216.0,1051.3000000000002,1002.7834828137962
501,-9.0,81.0,-729.0,-2370.2000000000003,-2299.4958059044407
502,-8.0,64.0,-512.0,-1643.7,-1709.5770424700743
503,-7.0,49.0,-343.0,-1084.6000000000001,-1060.8888611577358
504,2.0,4.0,8.0,77.3,108.13618745064197
505,-14.0,196.0,-2744.0,-9290.7,-9365.310457666625
506,-4.0,16.0,-64.0,-189.70000000000005,-167.19448188528224
507,-19.0,361.0,-6859.0,-23726.200000000004,-23512.17295649138
508,-5.0,25.0,-125.0,-379.8,-538.315325310399
509,-10.0,100.0,-1000.0,-3286.3,-3321.1777092199686
510,-1.0,1.0,-1.0,-2.200000000000002,-116.86177954101136
511,8.0,64.0,512.0,2309.9,2467.587497045738
512,-17.0,289.0,-4913.0,-16872.6,-16733.536807663455
513,27.0,729.0,19683.0,76829.8,76878.30097684765
514,10.0,100.0,1000.0,4319.7,4222.357148568038
515,4.0,16.0,64.0,366.29999999999995,226.85319948401298
516,9.0,81.0,729.0,3209.7999999999997,3093.6409831598103
517,6.0,36.0,216.0,1051.3000000000002,1007.3341599153086
518,-13.0,169.0,-2197.0,-7394.200000000001,-7252.09111758665
519,12.0,144.0,1728.0,7258.3,7307.229836883524
520,5.0,25.0,125.0,648.2,584.0064556243698
521,-4.0,16.0,-64.0,-189.70000000000005,-167.6893475395142
522,-0.0,0.0,-0.0,6.7,84.89711286028822
523,-8.0,64.0,-512.0,-1643.7,-1701.5415700306053
524,14.0,196.0,2744.0,11303.300000000003,11285.215450947775
525,10.0,100.0,1000.0,4319.7,4301.164972277205
526,-6.0,36.0,-216.0,-670.6999999999999,-624.169670532778
527,-10.0,100.0,-1000.0,-3286.3,-3350.998771191247
528,1.0,1.0,1.0,25.8,-72.35485894483736
529,11.0,121.0,1331.0,5661.799999999999,5620.927415256882
530,-8.0,64.0,-512.0,-1643.7,-1638.598266334403
531,7.0,49.0,343.0,1597.8,1602.1438706649992
532,18.0,324.0,5832.0,23422.900000000005,23511.183008405536
533,5.0,25.0,125.0,648.2,591.9539895171877
534,16.0,256.0,4096.0,16632.3,16891.13409508996
535,-9.0,81.0,-729.0,-2370.2000000000003,-2413.4474838858728
536,-19.0,361.0,-6859.0,-23726.200000000004,-23803.945202332165
537,12.0,144.0,1728.0,7258.3,7339.959692018765
538,-9.0,81.0,-729.0,-2370.2000000000003,-2261.473320720279
539,-0.0,0.0,-0.0,6.7,9.660535757946464
540,17.0,289.0,4913.0,19833.800000000003,19684.107304974066
541,2.0,4.0,8.0,77.3,200.1574599421097
542,5.0,25.0,125.0,648.2,516.2716412205912
543,-5.0,25.0,-125.0,-379.8,-253.34831644415414
544,2.0,4.0,8.0,77.3,46.2230440598411
545,11.0,121.0,1331.0,5661.799999999999,5463.883623157812
546,3.0,9.0,27.0,183.4,255.28835253315017
547,26.0,676.0,17576.0,68753.3,68728.82503745219
548,10.0,100.0,1000.0,4319.7,4255.078920638148
549,5.0,25.0,125.0,648.2,630.1631971698678
550,-4.0,16.0,-64.0,-189.70000000000005,-268.1980138773694
551,-33.0,1089.0,-35937.0,-127746.2,-127807.62242456077
552,1.0,1.0,1.0,25.8,24.162640731818733
553,1.0,1.0,1.0,25.8,8.257673955161597
554,-10.0,100.0,-1000.0,-3286.3,-3111.1792553781916
555,1.0,1.0,1.0,25.8,4.487489804594521
556,2.0,4.0,8.0,77.3,-101.01919475420583
557,-7.0,49.0,-343.0,-1084.6000000000001,-1288.0985024011559
558,-13.0,169.0,-2197.0,-7394.200000000001,-7360.46752166876
559,-18.0,324.0,-5832.0,-20104.7,-20062.4284224848
560,-2.0,4.0,-8.0,-23.100000000000005,45.05025672394957
561,-7.0,49.0,-343.0,-1084.6000000000001,-882.8934555988994
562,11.0,121.0,1331.0,5661.799999999999,5648.473522077375
563,-5.0,25.0,-125.0,-379.8,-466.4816911502312
564,3.0,9.0,27.0,183.4,-30.324675828190067
565,-11.0,121.0,-1331.0,-4414.200000000001,-4379.39459789988
566,4.0,16.0,64.0,366.29999999999995,368.004641068295
567,3.0,9.0,27.0,183.4,142.44412996431518
568,-0.0,0.0,-0.0,6.7,7.318652054419418
569,-3.0,9.0,-27.0,-78.2,-148.784414364812
570,-0.0,0.0,-0.0,6.7,34.99312734332806
571,4.0,16.0,64.0,366.29999999999995,465.26639906327483
572,-7.0,49.0,-343.0,-1084.6000000000001,-986.001701316402
573,25.0,625.0,15625.0,61264.2,61536.72619552499
574,1.0,1.0,1.0,25.8,-182.60749580679823
575,-21.0,441.0,-9261.0,-32226.200000000004,-32264.507508932766
576,-8.0,64.0,-512.0,-1643.7,-1679.9464563092956
577,-17.0,289.0,-4913.0,-16872.6,-16890.011292053143
578,8.0,64.0,512.0,2309.9,2102.326842621501
579,-14.0,196.0,-2744.0,-9290.7,-9276.96743038851
580,7.0,49.0,343.0,1597.8,1484.9452734524175
581,-1.0,1.0,-1.0,-2.200000000000002,101.62499282467519
582,-3.0,9.0,-27.0,-78.2,42.94793488989454
583,-1.0,1.0,-1.0,-2.200000000000002,47.54075987480664
584,-23.0,529.0,-12167.0,-42550.200000000004,-42608.39822537195
585,13.0,169.0,2197.0,9131.400000000001,8950.94208040427
586,7.0,49.0,343.0,1597.8,1495.4861174258751
587,10.0,100.0,1000.0,4319.7,4329.4280857220365
588,-3.0,9.0,-27.0,-78.2,48.82083585198707
589,11.0,121.0,1331.0,5661.799999999999,5534.721378889046
590,-1.0,1.0,-1.0,-2.200000000000002,46.50546968144239
591,5.0,25.0,125.0,648.2,645.1115084009916
592,-5.0,25.0,-125.0,-379.8,-330.2149608406194
593,-4.0,16.0,-64.0,-189.70000000000005,82.71819813993324
594,4.0,16.0,64.0,366.29999999999995,396.59331124604375
595,6.0,36.0,216.0,1051.3000000000002,1080.471995649009
596,10.0,100.0,1000.0,4319.7,4218.764448867867
597,7.0,49.0,343.0,1597.8,1704.8096840569583
598,5.0,25.0,125.0,648.2,674.940423110538
599,13.0,169.0,2197.0,9131.400000000001,9053.367814192923
600,-12.0,144.0,-1728.0,-5776.100000000001,-5745.72704423958
601,-12.0,144.0,-1728.0,-5776.100000000001,-5758.55521606805
602,9.0,81.0,729.0,3209.7999999999997,3358.8446213724233
603,-5.0,25.0,-125.0,-379.8,-218.0115506926715
604,-6.0,36.0,-216.0,-670.6999999999999,-791.7103939555012
605,12.0,144.0,1728.0,7258.3,7328.040286990538
606,16.0,256.0,4096.0,16632.3,16670.240682174488
607,-3.0,9.0,-27.0,-78.2,-114.75762451829908
608,14.0,196.0,2744.0,11303.300000000003,11413.155199720166
609,15.0,225.0,3375.0,13796.2,13625.640011541593
610,16.0,256.0,4096.0,16632.3,16678.947681226353
611,-0.0,0.0,-0.0,6.7,179.39651241420682
612,7.0,49.0,343.0,1597.8,1595.766188084803
613,2.0,4.0,8.0,77.3,159.23155884499454
614,7.0,49.0,343.0,1597.8,1714.6754731692142
615,7.0,49.0,343.0,1597.8,1589.205540660437
616,-8.0,64.0,-512.0,-1643.7,-1798.7576164785128
617,6.0,36.0,216.0,1051.3000000000002,991.0250601035984
618,3.0,9.0,27.0,183.4,147.80804348844168
619,5.0,25.0,125.0,648.2,675.3228071876445
620,-8.0,64.0,-512.0,-1643.7,-1450.5578430226822
621,2.0,4.0,8.0,77.3,188.63637079958602
622,-10.0,100.0,-1000.0,-3286.3,-3371.3212505222573
623,-9.0,81.0,-729.0,-2370.2000000000003,-2209.2092019946563
624,3.0,9.0,27.0,183.4,214.49136186177526
625,6.0,36.0,216.0,1051.3000000000002,975.2897891548408
626,-5.0,25.0,-125.0,-379.8,-397.17954349920507
627,-4.0,16.0,-64.0,-189.70000000000005,-219.02135373407336
628,-8.0,64.0,-512.0,-1643.7,-1585.279691252773
629,7.0,49.0,343.0,1597.8,1572.6894891558438
630,13.0,169.0,2197.0,9131.400000000001,8954.637838518742
631,6.0,36.0,216.0,1051.3000000000002,1141.3586029391079
632,-8.0,64.0,-512.0,-1643.7,-1630.5400375019476
633,6.0,36.0,216.0,1051.3000000000002,1169.9578120678816
634,-4.0,16.0,-64.0,-189.70000000000005,-251.4433522263475
635,5.0,25.0,125.0,648.2,573.5200312489754
636,1.0,1.0,1.0,25.8,-44.241350410329275
637,-0.0,0.0,-0.0,6.7,136.93003886564443
638,11.0,121.0,1331.0,5661.799999999999,5604.216178091424
639,4.0,16.0,64.0,366.29999999999995,237.84204050806505
640,1.0,1.0,1.0,25.8,-56.348361241850384
641,-15.0,225.0,-3375.0,-11487.8,-11335.065843293462
642,-1.0,1.0,-1.0,-2.200000000000002,120.03141249665607
643,-1.0,1.0,-1.0,-2.200000000000002,119.38588044823189
644,6.0,36.0,216.0,1051.3000000000002,1262.3363683457817
645,-18.0,324.0,-5832.0,-20104.7,-19996.17164417831
646,1.0,1.0,1.0,25.8,-61.499176678140785
647,-0.0,0.0,-0.0,6.7,113.37155592472737
648,9.0,81.0,729.0,3209.7999999999997,3277.025380946884
649,6.0,36.0,216.0,1051.3000000000002,1029.1912719311506
650,22.0,484.0,10648.0,42099.299999999996,42057.47328759644
651,-1.0,1.0,-1.0,-2.200000000000002,25.888614298939537
652,-24.0,576.0,-13824.0,-48451.700000000004,-48486.02915914065
653,11.0,121.0,1331.0,5661.799999999999,5783.037554024947
654,-4.0,16.0,-64.0,-189.70000000000005,-114.36900046084305
655,-7.0,49.0,-343.0,-1084.6000000000001,-1065.3186187380259
656,-4.0,16.0,-64.0,-189.70000000000005,-147.01630619550545
657,9.0,81.0,729.0,3209.7999999999997,3191.5181270998387
658,-7.0,49.0,-343.0,-1084.6000000000001,-1051.657698703299
659,9.0,81.0,729.0,3209.7999999999997,3234.1971778189286
660,10.0,100.0,1000.0,4319.7,4208.823809992809
661,-7.0,49.0,-343.0,-1084.6000000000001,-918.2494769079212
662,-11.0,121.0,-1331.0,-4414.200000000001,-4435.69022242007
663,5.0,25.0,125.0,648.2,605.1864800754054
664,-12.0,144.0,-1728.0,-5776.100000000001,-5866.39653199961
665,-8.0,64.0,-512.0,-1643.7,-1602.888812398987
666,-2.0,4.0,-8.0,-23.100000000000005,182.90685541093933
667,-4.0,16.0,-64.0,-189.70000000000005,-337.41837002111305
668,-1.0,1.0,-1.0,-2.200000000000002,-19.58904464758007
669,-15.0,225.0,-3375.0,-11487.8,-11539.760887056058
670,-13.0,169.0,-2197.0,-7394.200000000001,-7272.594026923037
671,10.0,100.0,1000.0,4319.7,4336.716733932966
672,7.0,49.0,343.0,1597.8,1636.8886611579612
673,-13.0,169.0,-2197.0,-7394.200000000001,-7425.23344288012
674,11.0,121.0,1331.0,5661.799999999999,5701.340193853734
675,9.0,81.0,729.0,3209.7999999999997,3312.7961316226
676,5.0,25.0,125.0,648.2,554.0910279399492
677,-17.0,289.0,-4913.0,-16872.6,-16954.032681902936
678,-17.0,289.0,-4913.0,-16872.6,-17086.568295932833
679,8.0,64.0,512.0,2309.9,2145.4279711020868
680,-18.0,324.0,-5832.0,-20104.7,-20004.266517262517
681,5.0,25.0,125.0,648.2,571.6258528213704
682,-2.0,4.0,-8.0,-23.100000000000005,-81.27984706147818
683,9.0,81.0,729.0,3209.7999999999997,3245.205482630553
684,-0.0,0.0,-0.0,6.7,-41.919438421754386
685,5.0,25.0,125.0,648.2,735.8731135047892
686,9.0,81.0,729.0,3209.7999999999997,3207.6615185920896
687,-2.0,4.0,-8.0,-23.100000000000005,77.70923599525294
688,7.0,49.0,343.0,1597.8,1557.6290967522814
689,-13.0,169.0,-2197.0,-7394.200000000001,-7387.272027967329
690,-4.0,16.0,-64.0,-189.70000000000005,-138.69314760253803
691,-12.0,144.0,-1728.0,-5776.100000000001,-5931.6039679055575
692,-2.0,4.0,-8.0,-23.100000000000005,148.4124186275398
693,3.0,9.0,27.0,183.4,15.4808102990242
694,-2.0,4.0,-8.0,-23.100000000000005,57.03203037139457
695,12.0,144.0,1728.0,7258.3,7255.331042652336
696,-18.0,324.0,-5832.0,-20104.7,-20138.22599576394
697,16.0,256.0,4096.0,16632.3,16587.474797717943
698,-1.0,1.0,-1.0,-2.200000000000002,-79.6011423197612
699,-25.0,625.0,-15625.0,-54875.8,-54819.433238214486
700,5.0,25.0,125.0,648.2,617.4381358270559
701,3.0,9.0,27.0,183.4,333.95278025158456
702,16.0,256.0,4096.0,16632.3,16804.524018079675
703,6.0,36.0,216.0,1051.3000000000002,1122.2492992788489
704,-7.0,49.0,-343.0,-1084.6000000000001,-1074.29323827011
705,5.0,25.0,125.0,648.2,718.4063394602417
706,-3.0,9.0,-27.0,-78.2,-185.1772828777595
707,10.0,100.0,1000.0,4319.7,4273.703205029168
708,-5.0,25.0,-125.0,-379.8,-444.0731584175478
709,3.0,9.0,27.0,183.4,297.1028033012935
710,1.0,1.0,1.0,25.8,133.20391422793176
711,1.0,1.0,1.0,25.8,81.77786410496903
712,1.0,1.0,1.0,25.8,155.78933768422038
713,-3.0,9.0,-27.0,-78.2,-21.866389955998322
714,-2.0,4.0,-8.0,-23.100000000000005,-10.789095679684802
715,-0.0,0.0,-0.0,6.7,28.749272826194925
716,-8.0,64.0,-512.0,-1643.7,-1630.8638961085621
717,-18.0,324.0,-5832.0,-20104.7,-20044.7557937451
718,-12.0,144.0,-1728.0,-5776.100000000001,-5750.783696467233
719,-2.0,4.0,-8.0,-23.100000000000005,-0.33365979994837147
720,-5.0,25.0,-125.0,-379.8,-302.71123718531265
721,-7.0,49.0,-343.0,-1084.6000000000001,-1040.1701592350696
722,13.0,169.0,2197.0,9131.400000000001,9000.181490150064
723,4.0,16.0,64.0,366.29999999999995,463.3708907597636
724,-2.0,4.0,-8.0,-23.100000000000005,-147.82714659687457
725,18.0,324.0,5832.0,23422.900000000005,23622.556883422716
726,6.0,36.0,216.0,1051.3000000000002,1163.6655806199954
727,-5.0,25.0,-125.0,-379.8,-435.7218271895053
728,-0.0,0.0,-0.0,6.7,-25.371363030965508
729,3.0,9.0,27.0,183.4,157.09408403380604
730,6.0,36.0,216.0,1051.3000000000002,932.4255751930036
731,1.0,1.0,1.0,25.8,70.54606749634313
732,-18.0,324.0,-5832.0,-20104.7,-20304.282192777144
733,10.0,100.0,1000.0,4319.7,4279.218478343583
734,7.0,49.0,343.0,1597.8,1587.7034638551816
735,7.0,49.0,343.0,1597.8,1615.30668931509
736,-3.0,9.0,-27.0,-78.2,13.607352267366409
737,8.0,64.0,512.0,2309.9,2362.857637150238
738,7.0,49.0,343.0,1597.8,1556.2760007952347
739,7.0,49.0,343.0,1597.8,1639.2076562300576
740,-8.0,64.0,-512.0,-1643.7,-1452.832436520038
741,-10.0,100.0,-1000.0,-3286.3,-3275.474258514919
742,3.0,9.0,27.0,183.4,101.96118356769608
743,-1.0,1.0,-1.0,-2.200000000000002,111.54098756450993
744,10.0,100.0,1000.0,4319.7,4232.036380914397
745,7.0,49.0,343.0,1597.8,1365.3318163984475
746,10.0,100.0,1000.0,4319.7,4475.030885714602
747,16.0,256.0,4096.0,16632.3,16805.044614064675
748,-5.0,25.0,-125.0,-379.8,-362.3304501423864
749,-2.0,4.0,-8.0,-23.100000000000005,-71.4421356751799
750,-7.0,49.0,-343.0,-1084.6000000000001,-1031.369931914063
751,-1.0,1.0,-1.0,-2.200000000000002,-41.20584198063565
752,-1.0,1.0,-1.0,-2.200000000000002,-150.19028293222198
753,10.0,100.0,1000.0,4319.7,4416.895268193045
754,-8.0,64.0,-512.0,-1643.7,-1839.5519055509392
755,-13.0,169.0,-2197.0,-7394.200000000001,-7368.919349304487
756,-9.0,81.0,-729.0,-2370.2000000000003,-2458.6552740904117
757,-8.0,64.0,-512.0,-1643.7,-1644.2701414387068
758,-11.0,121.0,-1331.0,-4414.200000000001,-4471.13847033563
759,-1.0,1.0,-1.0,-2.200000000000002,-79.36449757698516
760,5.0,25.0,125.0,648.2,709.2704974298246
761,6.0,36.0,216.0,1051.3000000000002,987.2858406382263
762,-11.0,121.0,-1331.0,-4414.200000000001,-4385.579547567615
763,20.0,400.0,8000.0,31852.7,31922.537871748762
764,-10.0,100.0,-1000.0,-3286.3,-3058.3426203019667
765,-19.0,361.0,-6859.0,-23726.200000000004,-23826.984896565922
766,-3.0,9.0,-27.0,-78.2,-191.3941883728844
767,-5.0,25.0,-125.0,-379.8,-502.56182021159293
768,-16.0,256.0,-4096.0,-14007.699999999999,-13975.142793304265
769,10.0,100.0,1000.0,4319.7,4198.22867126802
770,-2.0,4.0,-8.0,-23.100000000000005,-39.32012825884237
771,-5.0,25.0,-125.0,-379.8,-552.955946876034
772,2.0,4.0,8.0,77.3,118.04285772082173
773,7.0,49.0,343.0,1597.8,1487.5819692286577
774,-3.0,9.0,-27.0,-78.2,-260.64203501567096
775,14.0,196.0,2744.0,11303.300000000003,11247.017332542526
776,-2.0,4.0,-8.0,-23.100000000000005,177.1462722637659
777,-13.0,169.0,-2197.0,-7394.200000000001,-7289.665979926636
778,2.0,4.0,8.0,77.3,125.28225792166178
779,3.0,9.0,27.0,183.4,90.9923455926978
780,16.0,256.0,4096.0,16632.3,16572.954303570816
781,-18.0,324.0,-5832.0,-20104.7,-19990.10129690577
782,2.0,4.0,8.0,77.3,-30.161306113307305
783,-12.0,144.0,-1728.0,-5776.100000000001,-5756.162869039235
784,5.0,25.0,125.0,648.2,758.7816667439852
785,7.0,49.0,343.0,1597.8,1604.1598335658996
786,12.0,144.0,1728.0,7258.3,7239.05301653903
787,4.0,16.0,64.0,366.29999999999995,495.4733101968842
788,-7.0,49.0,-343.0,-1084.6000000000001,-992.2962026102481
789,2.0,4.0,8.0,77.3,-3.985517213959781
790,-7.0,49.0,-343.0,-1084.6000000000001,-1097.515550188101
791,-15.0,225.0,-3375.0,-11487.8,-11623.924755810216
792,6.0,36.0,216.0,1051.3000000000002,1021.3279785447044
793,-1.0,1.0,-1.0,-2.200000000000002,65.97521582295388
794,-10.0,100.0,-1000.0,-3286.3,-3198.402826121055
795,2.0,4.0,8.0,77.3,59.836301232052065
796,-14.0,196.0,-2744.0,-9290.7,-9287.845954440558
797,-5.0,25.0,-125.0,-379.8,-391.4359259417836
798,2.0,4.0,8.0,77.3,93.28508682665708
799,-8.0,64.0,-512.0,-1643.7,-1606.0181970798421
800,-4.0,16.0,-64.0,-189.70000000000005,-239.70237588640464
801,21.0,441.0,9261.0,36737.8,36845.05276735755
802,2.0,4.0,8.0,77.3,360.707110642423
803,1.0,1.0,1.0,25.8,-33.29304846861369
804,10.0,100.0,1000.0,4319.7,4422.503881572162
805,-7.0,49.0,-343.0,-1084.6000000000001,-1093.7003649588164
806,-2.0,4.0,-8.0,-23.100000000000005,-51.72868017882779
807,-16.0,256.0,-4096.0,-14007.699999999999,-14017.80331083907
808,3.0,9.0,27.0,183.4,190.16358254278677
809,-3.0,9.0,-27.0,-78.2,79.71148104600347
810,-16.0,256.0,-4096.0,-14007.699999999999,-13943.049981286194
811,-25.0,625.0,-15625.0,-54875.8,-54831.18618332054
812,1.0,1.0,1.0,25.8,17.946190100624573
813,-1.0,1.0,-1.0,-2.200000000000002,75.37411059965962
814,-9.0,81.0,-729.0,-2370.2000000000003,-2234.3731070374733
815,-6.0,36.0,-216.0,-670.6999999999999,-723.3556199726728
816,-17.0,289.0,-4913.0,-16872.6,-16930.948669997615
817,6.0,36.0,216.0,1051.3000000000002,1069.0241812785941
818,-11.0,121.0,-1331.0,-4414.200000000001,-4288.309847474353
819,5.0,25.0,125.0,648.2,622.4741191060292
820,-0.0,0.0,-0.0,6.7,-166.56904138987755
821,13.0,169.0,2197.0,9131.400000000001,9119.972641120043
822,12.0,144.0,1728.0,7258.3,7078.544307851614
823,8.0,64.0,512.0,2309.9,2507.762139289371
824,-19.0,361.0,-6859.0,-23726.200000000004,-23819.51247365892
825,-2.0,4.0,-8.0,-23.100000000000005,-158.3715835389846
826,-8.0,64.0,-512.0,-1643.7,-1578.1448451114823
827,-19.0,361.0,-6859.0,-23726.200000000004,-23920.275610036155
828,14.0,196.0,2744.0,11303.300000000003,11315.674632467271
829,-11.0,121.0,-1331.0,-4414.200000000001,-4443.928078401384
830,-7.0,49.0,-343.0,-1084.6000000000001,-1009.9835997885035
831,-12.0,144.0,-1728.0,-5776.100000000001,-5743.03090709136
832,3.0,9.0,27.0,183.4,247.57177542008003
833,11.0,121.0,1331.0,5661.799999999999,5645.8764946086385
834,5.0,25.0,125.0,648.2,606.2479548929798
835,9.0,81.0,729.0,3209.7999999999997,3060.1691922465516
836,-3.0,9.0,-27.0,-78.2,-6.717828940977171
837,8.0,64.0,512.0,2309.9,2368.7560700622766
838,-6.0,36.0,-216.0,-670.6999999999999,-780.4323842753303
839,-9.0,81.0,-729.0,-2370.2000000000003,-2484.4025893301937
840,-15.0,225.0,-3375.0,-11487.8,-11426.689979846042
841,11.0,121.0,1331.0,5661.799999999999,5655.840572448901
842,-7.0,49.0,-343.0,-1084.6000000000001,-1026.615109511932
843,15.0,225.0,3375.0,13796.2,13664.774655191663
844,1.0,1.0,1.0,25.8,-133.68276747564767
845,19.0,361.0,6859.0,27421.800000000003,27415.24214332287
846,-2.0,4.0,-8.0,-23.100000000000005,-188.9705441816172
847,-14.0,196.0,-2744.0,-9290.7,-9380.337750376668
848,-0.0,0.0,-0.0,6.7,-74.84273926322169
849,-0.0,0.0,-0.0,6.7,33.689348631474395
850,-7.0,49.0,-343.0,-1084.6000000000001,-1258.7951767391446
851,-5.0,25.0,-125.0,-379.8,-457.06585128841937
852,22.0,484.0,10648.0,42099.299999999996,42169.62486704501
853,2.0,4.0,8.0,77.3,32.94050487301092
854,-1.0,1.0,-1.0,-2.200000000000002,-29.109357405201674
855,7.0,49.0,343.0,1597.8,1680.3399876432695
856,-1.0,1.0,-1.0,-2.200000000000002,-122.29620433648093
857,-4.0,16.0,-64.0,-189.70000000000005,-244.9316537147352
858,5.0,25.0,125.0,648.2,601.4197905810986
859,4.0,16.0,64.0,366.29999999999995,459.7420448477927
860,8.0,64.0,512.0,2309.9,2280.5883688112117
861,1.0,1.0,1.0,25.8,41.05372820505561
862,13.0,169.0,2197.0,9131.400000000001,8990.513767950668
863,-4.0,16.0,-64.0,-189.70000000000005,-234.4972808289449
864,4.0,16.0,64.0,366.29999999999995,408.6307035353549
865,-3.0,9.0,-27.0,-78.2,32.756277181240236
866,11.0,121.0,1331.0,5661.799999999999,5647.463432447391
867,-12.0,144.0,-1728.0,-5776.100000000001,-5949.429419638804
868,6.0,36.0,216.0,1051.3000000000002,1020.6323351307427
869,4.0,16.0,64.0,366.29999999999995,409.24951680954314
870,3.0,9.0,27.0,183.4,280.5547816860783
871,1.0,1.0,1.0,25.8,27.334280540428214
872,-2.0,4.0,-8.0,-23.100000000000005,-22.152696897242453
873,-0.0,0.0,-0.0,6.7,249.18179285683536
874,-14.0,196.0,-2744.0,-9290.7,-9297.151780771956
875,4.0,16.0,64.0,366.29999999999995,462.43114838676706
876,2.0,4.0,8.0,77.3,-9.87340080782748
877,-25.0,625.0,-15625.0,-54875.8,-54940.15063829906
878,-5.0,25.0,-125.0,-379.8,-417.9158653242592
879,4.0,16.0,64.0,366.29999999999995,413.3650024951211
880,5.0,25.0,125.0,648.2,610.5144067395776
881,-10.0,100.0,-1000.0,-3286.3,-3280.459622418521
882,8.0,64.0,512.0,2309.9,2192.860169659626
883,12.0,144.0,1728.0,7258.3,7262.414729865867
884,5.0,25.0,125.0,648.2,657.2185489264323
885,-0.0,0.0,-0.0,6.7,-30.82442649700207
886,-7.0,49.0,-343.0,-1084.6000000000001,-963.1251570055174
887,8.0,64.0,512.0,2309.9,2419.633991902003
888,-16.0,256.0,-4096.0,-14007.699999999999,-13997.650152903858
889,3.0,9.0,27.0,183.4,301.6989016483936
890,9.0,81.0,729.0,3209.7999999999997,3386.2334376494077
891,12.0,144.0,1728.0,7258.3,7281.173278676808
892,-12.0,144.0,-1728.0,-5776.100000000001,-5787.318134390587
893,7.0,49.0,343.0,1597.8,1842.9656470785396
894,-0.0,0.0,-0.0,6.7,0.441970785361244
895,1.0,1.0,1.0,25.8,-11.817962449148414
896,-19.0,361.0,-6859.0,-23726.200000000004,-23697.60330642455
897,-14.0,196.0,-2744.0,-9290.7,-9399.179270487582
898,9.0,81.0,729.0,3209.7999999999997,3246.174326662576
899,3.0,9.0,27.0,183.4,115.95721711369485
900,-18.0,324.0,-5832.0,-20104.7,-20231.879797184636
901,29.0,841.0,24389.0,94833.8,94830.22659877584
902,4.0,16.0,64.0,366.29999999999995,416.8818223510985
903,-14.0,196.0,-2744.0,-9290.7,-9226.625107637643
904,-2.0,4.0,-8.0,-23.100000000000005,-81.43709480599577
905,-2.0,4.0,-8.0,-23.100000000000005,95.5093026099893
906,21.0,441.0,9261.0,36737.8,36706.62317569022
907,3.0,9.0,27.0,183.4,256.3997586445324
908,34.0,1156.0,39304.0,151677.30000000005,151787.89098778018
909,-7.0,49.0,-343.0,-1084.6000000000001,-993.0693561734491
910,-8.0,64.0,-512.0,-1643.7,-1594.8311463477544
911,-6.0,36.0,-216.0,-670.6999999999999,-583.4043742837723
912,-2.0,4.0,-8.0,-23.100000000000005,54.31530669372104
913,-14.0,196.0,-2744.0,-9290.7,-9402.243416932975
914,14.0,196.0,2744.0,11303.300000000003,11281.733526040589
915,-1.0,1.0,-1.0,-2.200000000000002,114.884475997287
916,-11.0,121.0,-1331.0,-4414.200000000001,-4353.389838843072
917,8.0,64.0,512.0,2309.9,2361.8811500234706
918,-4.0,16.0,-64.0,-189.70000000000005,-229.67927811880293
919,1.0,1.0,1.0,25.8,-150.27795235473195
920,3.0,9.0,27.0,183.4,173.10809340232615
921,-3.0,9.0,-27.0,-78.2,-4.678636871670236
922,12.0,144.0,1728.0,7258.3,7056.065648230697
923,-1.0,1.0,-1.0,-2.200000000000002,-212.2495625552175
924,6.0,36.0,216.0,1051.3000000000002,1091.2663784762794
925,-18.0,324.0,-5832.0,-20104.7,-20078.98107612926
926,-5.0,25.0,-125.0,-379.8,-356.98554766996335
927,12.0,144.0,1728.0,7258.3,7324.059254398484
928,19.0,361.0,6859.0,27421.800000000003,27332.26519406859
929,-26.0,676.0,-17576.0,-61844.70000000001,-61913.61884381895
930,11.0,121.0,1331.0,5661.799999999999,5708.026326565067
931,-14.0,196.0,-2744.0,-9290.7,-9160.945869604628
932,8.0,64.0,512.0,2309.9,2197.3233331998763
933,-9.0,81.0,-729.0,-2370.2000000000003,-2373.9083199824186
934,-2.0,4.0,-8.0,-23.100000000000005,140.79086783177544
935,8.0,64.0,512.0,2309.9,2267.798924985147
936,-13.0,169.0,-2197.0,-7394.200000000001,-7542.141927675537
937,6.0,36.0,216.0,1051.3000000000002,1183.1621894013228
938,-16.0,256.0,-4096.0,-14007.699999999999,-13916.486742236739
939,-0.0,0.0,-0.0,6.7,-127.85378818762332
940,-4.0,16.0,-64.0,-189.70000000000005,-224.78434130171226
941,6.0,36.0,216.0,1051.3000000000002,1115.1011155296421
942,-11.0,121.0,-1331.0,-4414.200000000001,-4430.771222085026
943,3.0,9.0,27.0,183.4,88.58715492970472
944,-2.0,4.0,-8.0,-23.100000000000005,134.92747164985545
945,-11.0,121.0,-1331.0,-4414.200000000001,-4505.36974384586
946,7.0,49.0,343.0,1597.8,1531.4055396974086
947,11.0,121.0,1331.0,5661.799999999999,5442.734483635728
948,-10.0,100.0,-1000.0,-3286.3,-3104.6000831483907
949,5.0,25.0,125.0,648.2,523.9402095073305
950,2.0,4.0,8.0,77.3,154.51306595886942
951,14.0,196.0,2744.0,11303.300000000003,11150.227467916933
952,6.0,36.0,216.0,1051.3000000000002,764.8648559992655
953,5.0,25.0,125.0,648.2,483.05952082510385
954,-4.0,16.0,-64.0,-189.70000000000005,-170.5590471459421
955,23.0,529.0,12167.0,47959.4,48063.5990316513
956,-14.0,196.0,-2744.0,-9290.7,-9384.107055813884
957,16.0,256.0,4096.0,16632.3,16575.504019813867
958,-2.0,4.0,-8.0,-23.100000000000005,-111.80070339932557
959,-7.0,49.0,-343.0,-1084.6000000000001,-1039.1994644659471
960,-11.0,121.0,-1331.0,-4414.200000000001,-4615.479282479064
961,18.0,324.0,5832.0,23422.900000000005,23373.370401789147
962,-4.0,16.0,-64.0,-189.70000000000005,-169.87684420425566
963,-8.0,64.0,-512.0,-1643.7,-1638.2936890997921
964,12.0,144.0,1728.0,7258.3,7208.184725112199
965,-1.0,1.0,-1.0,-2.200000000000002,-62.265090193022765
966,11.0,121.0,1331.0,5661.799999999999,5607.806685515803
967,-6.0,36.0,-216.0,-670.6999999999999,-768.7276426823306
968,25.0,625.0,15625.0,61264.2,61333.13752856281
969,-0.0,0.0,-0.0,6.7,-91.87789571786585
970,4.0,16.0,64.0,366.29999999999995,357.6709473558687
971,3.0,9.0,27.0,183.4,154.7646854177697
972,-5.0,25.0,-125.0,-379.8,-425.8333551165319
973,2.0,4.0,8.0,77.3,96.41490583900189
974,-10.0,100.0,-1000.0,-3286.3,-3141.2510351597743
975,-1.0,1.0,-1.0,-2.200000000000002,-106.47431475386516
976,-15.0,225.0,-3375.0,-11487.8,-11637.372584700712
977,-2.0,4.0,-8.0,-23.100000000000005,72.39395072250052
978,19.0,361.0,6859.0,27421.800000000003,27638.26847346756
979,4.0,16.0,64.0,366.29999999999995,230.4703405470462
980,-5.0,25.0,-125.0,-379.8,-238.50631080067774
981,-11.0,121.0,-1331.0,-4414.200000000001,-4459.078529973596
982,7.0,49.0,343.0,1597.8,1769.153071039301
983,2.0,4.0,8.0,77.3,-162.4130016737621
984,18.0,324.0,5832.0,23422.900000000005,23468.439783592967
985,2.0,4.0,8.0,77.3,83.09105126748
986,2.0,4.0,8.0,77.3,4.81228556613749
987,-2.0,4.0,-8.0,-23.100000000000005,-9.588284425036287
988,-13.0,169.0,-2197.0,-7394.200000000001,-7418.116094683597
989,-22.0,484.0,-10648.0,-37149.1,-37026.29380649403
990,-8.0,64.0,-512.0,-1643.7,-1505.2214120961542
991,-21.0,441.0,-9261.0,-32226.200000000004,-32188.32280441742
992,-1.0,1.0,-1.0,-2.200000000000002,52.88882505029967
993,1.0,1.0,1.0,25.8,-15.579913588166196
994,-20.0,400.0,-8000.0,-27759.3,-27572.638185276293
995,-19.0,361.0,-6859.0,-23726.200000000004,-23693.33886992966
996,-3.0,9.0,-27.0,-78.2,9.75381097684911
997,3.0,9.0,27.0,183.4,308.2967679826324
998,-7.0,49.0,-343.0,-1084.6000000000001,-1054.9276485236396
999,-18.0,324.0,-5832.0,-20104.7,-20068.63742425267
